Date,Price,Open,High,Low,Vol.,Change %
8/1/2024,"1,226.96","1,251.51","1,257.85","1,222.51",897.26K,-1.96%
07/31/2024,"1,251.51","1,245.06","1,255.77","1,245.06",748.85K,0.52%
07/30/2024,"1,245.06","1,246.60","1,248.73","1,236.97",653.07K,-0.12%
07/29/2024,"1,246.60","1,242.11","1,249.68","1,242.11",496.87K,0.36%
07/26/2024,"1,242.11","1,233.19","1,242.11","1,233.19",458.79K,0.72%
07/25/2024,"1,233.19","1,238.47","1,238.47","1,226.20",484.41K,-0.43%
07/24/2024,"1,238.47","1,231.81","1,242.40","1,218.65",740.26K,0.54%
07/23/2024,"1,231.81","1,254.64","1,258.74","1,231.81",728.38K,-1.82%
07/22/2024,"1,254.64","1,264.78","1,267.43","1,245.02",923.63K,-0.80%
07/19/2024,"1,264.78","1,274.44","1,279.94","1,260.68",791.80K,-0.76%
07/18/2024,"1,274.44","1,268.66","1,274.67","1,256.21",739.04K,0.46%
07/17/2024,"1,268.66","1,281.18","1,290.76","1,256.42",1.23M,-0.98%
07/16/2024,"1,281.18","1,279.82","1,291.47","1,279.37",684.26K,0.11%
07/15/2024,"1,279.82","1,280.75","1,286.37","1,276.27",573.51K,-0.07%
7/12/2024,"1,280.75","1,283.80","1,288.67","1,277.16",606.31K,-0.24%
7/11/2024,"1,283.80","1,285.94","1,293.32","1,283.80",697.23K,-0.17%
7/10/2024,"1,285.94","1,293.71","1,297.96","1,285.94",751.00K,-0.60%
7/9/2024,"1,293.71","1,283.56","1,294.15","1,283.56",821.81K,0.79%
7/8/2024,"1,283.56","1,283.04","1,287.14","1,277.68",766.90K,0.04%
7/5/2024,"1,283.04","1,279.89","1,284.98","1,276.93",616.50K,0.25%
7/4/2024,"1,279.89","1,276.85","1,283.13","1,274.58",523.46K,0.24%
7/3/2024,"1,276.85","1,269.79","1,278.14","1,268.23",589.51K,0.56%
7/2/2024,"1,269.79","1,254.56","1,270.47","1,254.56",528.47K,1.21%
7/1/2024,"1,254.56","1,245.32","1,254.56","1,240.07",487.19K,0.74%
06/28/2024,"1,245.32","1,259.09","1,262.61","1,240.15",840.43K,-1.09%
06/27/2024,"1,259.09","1,261.24","1,262.49","1,255.12",596.99K,-0.17%
06/26/2024,"1,261.24","1,256.56","1,262.67","1,247.55",878.37K,0.37%
06/25/2024,"1,256.56","1,254.12","1,260.07","1,250.25",835.30K,0.19%
06/24/2024,"1,254.12","1,282.02","1,284.84","1,252.66",1.25M,-2.18%
06/21/2024,"1,282.02","1,282.30","1,288.06","1,279.44",834.75K,-0.02%
06/20/2024,"1,282.30","1,279.79","1,286.54","1,273.54",932.55K,0.20%
06/19/2024,"1,279.79","1,279.50","1,284.14","1,270.66",1.00M,0.02%
06/18/2024,"1,279.50","1,274.77","1,286.52","1,274.77",805.29K,0.37%
06/17/2024,"1,274.77","1,279.91","1,283.10","1,272.54",900.56K,-0.40%
06/14/2024,"1,279.91","1,301.51","1,305.02","1,279.91",1.11M,-1.66%
06/13/2024,"1,301.51","1,305.69","1,306.01","1,297.60",891.33K,0.10%
6/12/2024,"1,300.19","1,284.41","1,301.35","1,281.71",895.26K,1.23%
6/11/2024,"1,284.41","1,290.67","1,296.41","1,279.47",993.34K,-0.49%
6/10/2024,"1,290.67","1,287.58","1,297.39","1,287.44",858.65K,0.24%
6/7/2024,"1,287.58","1,283.56","1,293.03","1,283.13",698.28K,0.31%
6/6/2024,"1,283.56","1,288.79","1,292.02","1,278.40",893.07K,-0.06%
6/5/2024,"1,284.35","1,283.52","1,293.93","1,283.52",925.06K,0.06%
6/4/2024,"1,283.52","1,280.00","1,289.31","1,280.00",935.85K,0.28%
6/3/2024,"1,280.00","1,261.72","1,284.48","1,261.72",1.05M,1.45%
05/31/2024,"1,261.72","1,266.32","1,271.07","1,261.43",771.15K,-0.36%
05/30/2024,"1,266.32","1,272.64","1,272.64","1,251.80",1.05M,-0.50%
05/29/2024,"1,272.64","1,281.73","1,285.63","1,271.60",1.07M,-0.71%
05/28/2024,"1,281.73","1,267.68","1,281.73","1,267.68",868.58K,1.11%
05/27/2024,"1,267.68","1,263.46","1,267.68","1,257.27",726.70K,0.46%
05/24/2024,"1,261.93","1,281.03","1,285.07","1,250.28",1.37M,-1.49%
05/23/2024,"1,281.03","1,266.91","1,281.03","1,262.29",968.13K,1.11%
05/22/2024,"1,266.91","1,277.14","1,283.06","1,263.87",1.14M,-0.80%
05/21/2024,"1,277.14","1,277.58","1,281.29","1,267.29",972.16K,-0.03%
05/20/2024,"1,277.58","1,273.11","1,285.19","1,273.11",1.16M,0.35%
05/17/2024,"1,273.11","1,268.78","1,274.27","1,266.32",937.04K,0.34%
05/16/2024,"1,268.78","1,254.39","1,271.66","1,254.39",885.06K,1.15%
05/15/2024,"1,254.39","1,243.28","1,257.92","1,243.28",880.17K,0.89%
05/14/2024,"1,243.28","1,240.18","1,252.52","1,240.18",640.49K,0.25%
05/13/2024,"1,240.18","1,244.70","1,249.20","1,233.56",741.58K,-0.36%
5/10/2024,"1,244.70","1,248.64","1,252.50","1,237.46",669.11K,-0.32%
5/9/2024,"1,248.64","1,250.46","1,256.80","1,243.29",771.55K,-0.15%
5/8/2024,"1,250.46","1,248.63","1,251.62","1,234.76",981.80K,0.15%
5/7/2024,"1,248.63","1,241.58","1,250.63","1,240.09",707.90K,0.57%
5/6/2024,"1,241.58","1,221.03","1,241.58","1,221.03",864.63K,1.68%
5/3/2024,"1,221.03","1,216.36","1,225.75","1,216.36",643.43K,0.38%
5/2/2024,"1,216.36","1,212.13","1,216.36","1,206.28",570.36K,0.57%
04/26/2024,"1,209.52","1,204.97","1,216.60","1,198.73",620.88K,0.38%
04/25/2024,"1,204.97","1,205.61","1,208.41","1,200.21",569.65K,-0.05%
04/24/2024,"1,205.61","1,177.40","1,207.61","1,177.40",820.08K,2.40%
04/23/2024,"1,177.40","1,190.22","1,192.80","1,169.61",778.31K,-1.08%
04/22/2024,"1,190.22","1,174.85","1,193.88","1,174.85",708.58K,1.31%
04/19/2024,"1,174.85","1,193.01","1,193.01","1,165.99",1.07M,-1.52%
04/17/2024,"1,193.01","1,215.68","1,221.47","1,193.01",859.25K,-1.86%
04/16/2024,"1,215.68","1,216.61","1,222.45","1,191.73",1.36M,-0.08%
04/15/2024,"1,216.61","1,276.60","1,281.81","1,216.61",1.46M,-4.70%
4/12/2024,"1,276.60","1,258.20","1,278.39","1,258.20",944.45K,1.46%
4/11/2024,"1,258.20","1,258.56","1,262.03","1,248.11",686.82K,-0.03%
4/10/2024,"1,258.56","1,262.82","1,268.72","1,258.56",702.28K,-0.34%
4/9/2024,"1,262.82","1,252.40","1,262.82","1,247.70",717.43K,1.00%
4/8/2024,"1,250.35","1,255.11","1,258.40","1,246.87",876.04K,-0.38%
4/5/2024,"1,255.11","1,268.25","1,268.25","1,253.56",1.08M,-1.04%
4/4/2024,"1,268.25","1,271.47","1,277.62","1,265.12",980.91K,-0.25%
4/3/2024,"1,271.47","1,287.04","1,288.99","1,271.47",1.08M,-1.21%
4/2/2024,"1,287.04","1,281.52","1,287.04","1,268.48",1.09M,0.43%
4/1/2024,"1,281.52","1,284.09","1,286.80","1,274.09",971.21K,-0.20%
03/29/2024,"1,284.09","1,290.18","1,293.04","1,282.44",922.55K,-0.47%
03/28/2024,"1,290.18","1,283.09","1,293.90","1,283.09",1.01M,0.55%
03/27/2024,"1,283.09","1,282.21","1,286.72","1,276.95",919.28K,0.07%
03/26/2024,"1,282.21","1,267.86","1,282.50","1,264.42",941.70K,1.13%
03/25/2024,"1,267.86","1,281.80","1,286.84","1,264.51",1.24M,-1.09%
03/22/2024,"1,281.80","1,276.42","1,291.27","1,276.38",1.38M,0.42%
03/21/2024,"1,276.42","1,260.08","1,276.42","1,260.08",1.25M,1.30%
03/20/2024,"1,260.08","1,242.46","1,261.55","1,235.46",915.57K,1.42%
03/19/2024,"1,242.46","1,246.54","1,249.75","1,238.92",914.65K,-0.09%
03/18/2024,"1,243.56","1,263.78","1,269.90","1,221.67",1.71M,-1.60%
03/15/2024,"1,263.78","1,264.26","1,271.63","1,252.36",1.07M,-0.04%
03/14/2024,"1,264.26","1,270.51","1,276.41","1,258.67",1.06M,-0.49%
03/13/2024,"1,270.51","1,245.00","1,270.51","1,245.00",982.23K,2.05%
3/12/2024,"1,245.00","1,235.49","1,248.33","1,233.14",836.22K,0.77%
3/11/2024,"1,235.49","1,247.35","1,254.01","1,233.49",975.99K,-0.95%
3/8/2024,"1,247.35","1,268.46","1,274.30","1,247.35",1.35M,-1.66%
3/7/2024,"1,268.46","1,262.73","1,269.88","1,260.24",1.02M,0.45%
3/6/2024,"1,262.73","1,269.98","1,277.51","1,256.30",1.06M,-0.57%
3/5/2024,"1,269.98","1,261.41","1,269.98","1,257.81",1.01M,0.68%
3/4/2024,"1,261.41","1,258.28","1,268.25","1,256.54",1.18M,0.25%
3/1/2024,"1,258.28","1,256.72","1,258.76","1,247.87",961.93K,0.44%
02/29/2024,"1,252.73","1,254.55","1,264.39","1,247.70",1.09M,-0.15%
02/28/2024,"1,254.55","1,237.46","1,254.55","1,236.32",970.76K,1.38%
02/27/2024,"1,237.46","1,224.17","1,237.60","1,224.17",986.85K,1.09%
02/26/2024,"1,224.17","1,212.00","1,225.21","1,210.52",889.75K,1.00%
02/23/2024,"1,212.00","1,227.31","1,240.81","1,211.55",1.39M,-1.25%
02/22/2024,"1,227.31","1,230.04","1,232.09","1,226.15",840.41K,-0.22%
02/21/2024,"1,230.04","1,230.06","1,234.22","1,222.92",988.85K,0.00%
02/20/2024,"1,230.06","1,224.97","1,230.47","1,222.66",939.95K,0.42%
02/19/2024,"1,224.97","1,209.70","1,225.48","1,209.70",1.05M,1.26%
02/16/2024,"1,209.70","1,202.50","1,210.25","1,202.50",822.64K,0.60%
02/15/2024,"1,202.50","1,203.08","1,207.56","1,198.81",868.72K,0.33%
2/7/2024,"1,198.53","1,188.48","1,199.52","1,188.48",685.66K,0.85%
2/6/2024,"1,188.48","1,186.06","1,190.92","1,185.68",619.77K,0.20%
2/5/2024,"1,186.06","1,172.55","1,188.45","1,172.55",874.80K,1.15%
2/2/2024,"1,172.55","1,173.02","1,178.27","1,169.70",914.67K,-0.04%
2/1/2024,"1,173.02","1,164.31","1,174.50","1,162.45",670.25K,0.75%
01/31/2024,"1,164.31","1,179.65","1,182.53","1,163.13",1.12M,-1.30%
01/30/2024,"1,179.65","1,175.69","1,179.92","1,174.13",620.15K,0.34%
01/29/2024,"1,175.69","1,175.67","1,180.46","1,174.88",666.53K,0.00%
01/26/2024,"1,175.67","1,170.37","1,176.76","1,170.37",575.22K,0.45%
01/25/2024,"1,170.37","1,172.97","1,173.83","1,168.50",540.54K,-0.22%
01/24/2024,"1,172.97","1,177.50","1,180.30","1,172.00",733.19K,-0.38%
01/23/2024,"1,177.50","1,182.86","1,184.74","1,173.78",683.71K,-0.45%
01/22/2024,"1,182.86","1,181.50","1,186.96","1,175.54",889.76K,0.12%
01/19/2024,"1,181.50","1,171.50","1,181.50","1,171.47",662.89K,1.06%
01/18/2024,"1,169.06","1,162.53","1,169.73","1,162.53",596.22K,0.56%
01/17/2024,"1,162.53","1,161.95","1,168.46","1,160.45",769.80K,-0.05%
01/16/2024,"1,163.12","1,154.12","1,163.12","1,147.71",611.40K,0.78%
01/15/2024,"1,154.12","1,154.70","1,163.75","1,154.12",617.15K,-0.05%
1/12/2024,"1,154.70","1,162.22","1,162.22","1,146.75",1.09M,-0.65%
1/11/2024,"1,162.22","1,161.54","1,169.10","1,157.43",860.49K,0.06%
1/10/2024,"1,161.54","1,158.59","1,166.10","1,155.94",992.76K,0.25%
1/9/2024,"1,158.59","1,160.19","1,162.83","1,155.46",870.51K,-0.14%
1/8/2024,"1,160.19","1,154.68","1,162.56","1,154.68",905.41K,0.48%
1/5/2024,"1,154.68","1,150.72","1,155.84","1,149.08",803.27K,0.34%
1/4/2024,"1,150.72","1,145.49","1,160.08","1,144.32",1.18M,0.57%
1/3/2024,"1,144.17","1,131.72","1,144.17","1,128.32",719.93K,1.10%
1/2/2024,"1,131.72","1,129.93","1,139.71","1,128.69",842.26K,0.16%
12/29/2023,"1,129.93","1,128.93","1,135.05","1,128.93",710.85K,0.09%
12/28/2023,"1,128.93","1,121.99","1,130.58","1,120.50",716.93K,0.62%
12/27/2023,"1,121.99","1,122.25","1,126.47","1,121.99",776.80K,-0.02%
12/26/2023,"1,122.25","1,117.66","1,123.11","1,117.66",644.74K,0.41%
12/25/2023,"1,117.66","1,103.06","1,118.31","1,103.06",658.54K,1.32%
12/22/2023,"1,103.06","1,102.43","1,104.65","1,099.32",558.03K,0.06%
12/21/2023,"1,102.43","1,100.76","1,102.43","1,094.47",521.00K,0.15%
12/20/2023,"1,100.76","1,096.30","1,102.27","1,093.38",598.21K,0.41%
12/19/2023,"1,096.30","1,091.88","1,096.30","1,082.29",649.91K,0.40%
12/18/2023,"1,091.88","1,102.30","1,103.74","1,091.45",713.16K,-0.95%
12/15/2023,"1,102.30","1,110.13","1,112.79","1,102.30",749.83K,-0.71%
12/14/2023,"1,110.13","1,114.20","1,120.36","1,107.86",681.02K,-0.37%
12/13/2023,"1,114.20","1,127.63","1,131.21","1,112.08",844.04K,-1.19%
12/12/2023,"1,127.63","1,125.50","1,129.77","1,123.35",645.62K,0.19%
12/11/2023,"1,125.50","1,124.44","1,129.15","1,120.32",700.59K,0.09%
12/8/2023,"1,124.44","1,121.49","1,127.46","1,119.43",819.10K,0.26%
12/7/2023,"1,121.49","1,126.43","1,129.83","1,109.51",1.33M,-0.44%
12/6/2023,"1,126.43","1,115.97","1,126.43","1,115.97",853.96K,0.94%
12/5/2023,"1,115.97","1,120.49","1,124.11","1,113.55",824.66K,-0.40%
12/4/2023,"1,120.49","1,102.16","1,123.96","1,102.16",1.12M,1.66%
12/1/2023,"1,102.16","1,094.13","1,102.20","1,090.08",603.59K,0.73%
11/30/2023,"1,094.13","1,101.75","1,107.45","1,094.13",723.48K,-0.79%
11/29/2023,"1,102.80","1,095.43","1,105.28","1,095.43",614.96K,0.67%
11/28/2023,"1,095.43","1,088.06","1,095.43","1,076.45",681.89K,0.68%
11/27/2023,"1,088.06","1,095.61","1,096.84","1,085.69",595.02K,-0.69%
11/24/2023,"1,095.61","1,088.49","1,095.61","1,073.31",958.34K,0.65%
11/23/2023,"1,088.49","1,113.82","1,118.54","1,088.49",1.03M,-2.27%
11/22/2023,"1,113.82","1,110.46","1,115.47","1,103.26",946.28K,0.30%
11/21/2023,"1,110.46","1,103.66","1,112.77","1,103.66",712.61K,0.62%
11/20/2023,"1,103.66","1,101.19","1,111.26","1,085.32",841.47K,0.22%
11/17/2023,"1,101.19","1,125.53","1,129.84","1,096.16",1.26M,-2.16%
11/16/2023,"1,125.53","1,122.50","1,125.53","1,114.97",687.40K,0.27%
11/15/2023,"1,122.50","1,109.73","1,132.75","1,109.73",937.96K,1.15%
11/14/2023,"1,109.73","1,100.07","1,115.60","1,100.07",822.20K,0.88%
11/13/2023,"1,100.07","1,103.66","1,107.91","1,093.19",789.44K,-0.15%
11/10/2023,"1,101.68","1,113.89","1,116.02","1,101.23",1.03M,-1.10%
11/9/2023,"1,113.89","1,113.43","1,124.78","1,112.13",1.05M,0.04%
11/8/2023,"1,113.43","1,080.29","1,113.43","1,075.80",952.58K,3.07%
11/7/2023,"1,080.29","1,089.66","1,089.89","1,079.42",634.51K,-0.86%
11/6/2023,"1,089.66","1,076.78","1,089.66","1,076.78",692.79K,1.20%
11/3/2023,"1,076.78","1,075.47","1,082.23","1,071.11",756.48K,0.12%
11/2/2023,"1,075.47","1,039.66","1,075.47","1,039.66",772.12K,3.44%
11/1/2023,"1,039.66","1,028.19","1,039.66","1,020.01",679.89K,1.12%
10/31/2023,"1,028.19","1,042.40","1,046.17","1,025.03",755.54K,-1.36%
10/30/2023,"1,042.40","1,054.03","1,060.39","1,042.40",533.36K,-1.72%
10/27/2023,"1,060.62","1,055.45","1,061.87","1,037.46",692.23K,0.49%
10/26/2023,"1,055.45","1,101.66","1,101.66","1,049.71",1.18M,-4.19%
10/25/2023,"1,101.66","1,105.90","1,111.39","1,100.64",539.26K,-0.38%
10/24/2023,"1,105.90","1,093.53","1,107.30","1,088.17",509.04K,1.13%
10/23/2023,"1,093.53","1,108.03","1,108.03","1,086.54",563.10K,-1.31%
10/20/2023,"1,108.03","1,087.85","1,108.16","1,073.73",658.19K,1.86%
10/19/2023,"1,087.85","1,103.40","1,104.03","1,087.85",649.23K,-1.41%
10/18/2023,"1,103.40","1,121.65","1,125.27","1,088.87",1.04M,-1.63%
10/17/2023,"1,121.65","1,145.34","1,147.89","1,121.65",610.50K,-1.73%
10/16/2023,"1,141.42","1,154.73","1,157.46","1,140.64",676.19K,-1.15%
10/13/2023,"1,154.73","1,151.61","1,155.10","1,138.99",621.42K,0.27%
10/12/2023,"1,151.61","1,150.81","1,156.73","1,148.11",647.18K,0.07%
10/11/2023,"1,150.81","1,143.69","1,150.81","1,138.22",543.05K,0.62%
10/10/2023,"1,143.69","1,137.36","1,150.34","1,137.36",671.76K,0.56%
10/9/2023,"1,137.36","1,128.54","1,137.36","1,127.03",602.62K,0.78%
10/6/2023,"1,128.54","1,113.89","1,129.13","1,107.40",621.62K,1.32%
10/5/2023,"1,113.89","1,128.67","1,133.12","1,113.89",609.01K,-1.31%
10/4/2023,"1,128.67","1,118.10","1,133.79","1,106.40",682.49K,0.95%
10/3/2023,"1,118.10","1,155.25","1,155.25","1,117.28",991.88K,-3.22%
10/2/2023,"1,155.25","1,154.15","1,161.48","1,149.63",518.24K,0.10%
09/29/2023,"1,154.15","1,152.43","1,163.88","1,152.43",574.81K,0.15%
09/28/2023,"1,152.43","1,153.85","1,155.39","1,136.99",691.11K,-0.12%
09/27/2023,"1,153.85","1,137.96","1,153.85","1,126.36",860.42K,1.40%
09/26/2023,"1,137.96","1,153.20","1,163.52","1,137.96",1.05M,-1.32%
09/25/2023,"1,153.20","1,193.05","1,195.62","1,153.20",1.09M,-3.34%
09/22/2023,"1,193.05","1,212.74","1,212.74","1,174.57",1.39M,-1.62%
09/21/2023,"1,212.74","1,226.11","1,227.88","1,211.65",963.68K,-1.09%
09/20/2023,"1,226.11","1,211.50","1,226.11","1,209.46",878.03K,1.21%
09/19/2023,"1,211.50","1,211.81","1,219.57","1,199.85",1.00M,-0.03%
09/18/2023,"1,211.81","1,227.36","1,227.36","1,203.88",845.00K,-1.27%
09/15/2023,"1,227.36","1,223.81","1,233.87","1,220.27",917.36K,0.29%
09/14/2023,"1,223.81","1,238.39","1,244.21","1,223.03",1.23M,-1.18%
09/13/2023,"1,238.39","1,245.44","1,250.61","1,232.84",1.26M,-0.57%
9/12/2023,"1,245.44","1,223.63","1,245.44","1,220.85",967.87K,1.78%
9/11/2023,"1,223.63","1,241.48","1,251.37","1,223.33",1.39M,-1.44%
9/8/2023,"1,241.48","1,243.14","1,248.10","1,240.15",1.10M,-0.13%
9/7/2023,"1,243.14","1,245.50","1,255.11","1,240.82",1.13M,-0.19%
9/6/2023,"1,245.50","1,234.98","1,245.50","1,229.89",1.13M,0.85%
9/5/2023,"1,234.98","1,224.05","1,236.21","1,224.05",1.09M,0.89%
08/31/2023,"1,224.05","1,213.16","1,224.84","1,213.16",945.48K,0.90%
08/30/2023,"1,213.16","1,206.10","1,213.52","1,203.51",911.99K,0.72%
08/29/2023,"1,204.43","1,201.72","1,208.78","1,197.57",990.94K,0.23%
08/28/2023,"1,201.72","1,183.37","1,202.02","1,183.37",882.85K,1.55%
08/25/2023,"1,183.37","1,189.39","1,192.59","1,181.60",893.34K,-0.51%
08/24/2023,"1,189.39","1,172.56","1,189.99","1,171.33",851.54K,1.44%
08/23/2023,"1,172.56","1,180.49","1,193.79","1,168.89",747.18K,-0.67%
08/22/2023,"1,180.49","1,179.76","1,184.43","1,149.13",1.06M,0.06%
08/21/2023,"1,179.76","1,177.99","1,188.16","1,164.63",1.08M,0.15%
08/18/2023,"1,177.99","1,233.48","1,233.48","1,177.74",1.70M,-4.50%
08/17/2023,"1,233.48","1,242.58","1,243.98","1,233.48",1.11M,-0.79%
08/16/2023,"1,243.26","1,234.05","1,243.48","1,234.05",930.67K,0.75%
08/15/2023,"1,234.05","1,236.84","1,239.42","1,230.58",912.03K,-0.23%
08/14/2023,"1,236.84","1,232.21","1,239.61","1,229.04",1.11M,0.38%
8/11/2023,"1,232.21","1,220.61","1,232.21","1,213.37",1.01M,0.95%
8/10/2023,"1,220.61","1,233.99","1,238.19","1,220.61",1.01M,-1.08%
8/9/2023,"1,233.99","1,242.23","1,242.23","1,231.28",1.09M,-0.66%
8/8/2023,"1,242.23","1,241.42","1,246.22","1,239.01",1.19M,0.07%
8/7/2023,"1,241.42","1,233.10","1,241.42","1,230.38",1.30M,1.26%
8/4/2023,"1,225.98","1,210.95","1,228.12","1,210.95",1.13M,1.24%
8/3/2023,"1,210.95","1,219.73","1,222.35","1,209.06",1.03M,-0.78%
8/2/2023,"1,220.43","1,217.56","1,223.04","1,213.18",940.81K,0.24%
8/1/2023,"1,217.56","1,222.90","1,234.50","1,217.56",1.28M,-0.44%
07/31/2023,"1,222.90","1,207.67","1,224.81","1,207.67",1.20M,1.26%
07/28/2023,"1,207.67","1,197.33","1,207.67","1,195.86",1.11M,0.86%
07/27/2023,"1,197.33","1,200.84","1,203.69","1,191.08",1.16M,-0.29%
07/26/2023,"1,200.84","1,195.90","1,200.84","1,195.44",912.30K,0.41%
07/25/2023,"1,195.90","1,190.72","1,199.27","1,190.72",1.00M,0.44%
07/24/2023,"1,190.72","1,185.90","1,193.22","1,183.39",1.04M,0.41%
07/21/2023,"1,185.90","1,172.81","1,185.90","1,172.07",988.09K,1.12%
07/20/2023,"1,172.81","1,172.98","1,174.39","1,166.62",796.61K,-0.01%
07/19/2023,"1,172.98","1,174.09","1,178.55","1,172.98",896.65K,-0.09%
07/18/2023,"1,174.09","1,173.13","1,175.70","1,170.04",837.14K,0.08%
07/17/2023,"1,173.13","1,171.75","1,174.89","1,168.77",914.62K,0.40%
07/14/2023,"1,168.40","1,165.42","1,169.84","1,156.28",1.04M,0.26%
07/13/2023,"1,165.42","1,154.20","1,165.42","1,154.20",806.74K,0.97%
7/12/2023,"1,154.20","1,151.77","1,157.43","1,149.28",788.16K,0.21%
7/11/2023,"1,151.77","1,149.02","1,157.01","1,149.02",936.91K,0.24%
7/10/2023,"1,149.02","1,138.07","1,149.02","1,138.07",879.43K,0.96%
7/7/2023,"1,138.07","1,126.22","1,138.07","1,122.94",798.40K,1.05%
7/6/2023,"1,126.22","1,134.62","1,135.81","1,122.35",921.11K,-0.74%
7/5/2023,"1,134.62","1,132.00","1,138.67","1,132.00",807.03K,0.23%
7/4/2023,"1,132.00","1,125.50","1,132.12","1,123.49",701.31K,0.58%
7/3/2023,"1,125.50","1,120.18","1,128.35","1,120.18",558.38K,0.47%
06/30/2023,"1,120.18","1,125.39","1,126.33","1,120.01",617.53K,-0.46%
06/29/2023,"1,125.39","1,139.42","1,140.43","1,125.39",906.89K,-1.14%
06/28/2023,"1,138.35","1,134.33","1,140.56","1,131.86",892.14K,0.35%
06/27/2023,"1,134.33","1,132.03","1,136.49","1,128.82",722.00K,0.20%
06/26/2023,"1,132.03","1,129.38","1,134.00","1,119.95",1.04M,0.23%
06/23/2023,"1,129.38","1,125.30","1,130.61","1,122.62",906.63K,0.36%
06/22/2023,"1,125.30","1,118.46","1,127.54","1,118.46",919.32K,0.61%
06/21/2023,"1,118.46","1,112.73","1,118.46","1,110.65",875.89K,0.61%
06/20/2023,"1,111.72","1,105.40","1,111.72","1,102.58",695.59K,0.57%
06/19/2023,"1,105.40","1,115.22","1,117.23","1,104.73",811.31K,-0.88%
06/16/2023,"1,115.22","1,116.97","1,128.92","1,112.51",1.17M,-0.16%
06/15/2023,"1,116.97","1,117.42","1,120.13","1,112.11",716.88K,-0.04%
06/14/2023,"1,117.42","1,122.46","1,129.49","1,117.42",928.60K,-0.45%
06/13/2023,"1,122.46","1,116.02","1,122.46","1,116.02",943.54K,0.58%
6/12/2023,"1,116.02","1,110.26","1,116.02","1,100.08",797.98K,0.77%
6/9/2023,"1,107.53","1,101.32","1,107.53","1,097.23",902.21K,0.56%
6/8/2023,"1,101.32","1,109.54","1,115.14","1,101.32",1.32M,-0.74%
6/7/2023,"1,109.54","1,108.31","1,112.28","1,104.26",1.00M,0.11%
6/6/2023,"1,108.31","1,097.82","1,108.31","1,097.82",842.76K,0.96%
6/5/2023,"1,097.82","1,090.84","1,103.81","1,090.84",948.36K,0.64%
6/2/2023,"1,090.84","1,084.19","1,092.24","1,083.36",1.04M,1.15%
6/1/2023,"1,078.39","1,075.17","1,078.39","1,071.61",856.81K,0.30%
05/31/2023,"1,075.17","1,078.05","1,079.11","1,071.38",924.36K,-0.27%
05/30/2023,"1,078.05","1,074.98","1,079.31","1,071.01",922.94K,0.29%
05/29/2023,"1,074.98","1,063.76","1,077.18","1,063.76",844.88K,1.05%
05/26/2023,"1,063.76","1,064.63","1,067.28","1,063.76",640.72K,-0.08%
05/25/2023,"1,064.63","1,061.79","1,065.50","1,057.91",669.53K,0.27%
05/24/2023,"1,061.79","1,065.85","1,069.61","1,060.60",794.10K,-0.38%
05/23/2023,"1,065.85","1,073.12","1,073.96","1,062.15",721.99K,-0.45%
05/22/2023,"1,070.64","1,067.07","1,070.64","1,065.88",711.11K,0.33%
05/19/2023,"1,067.07","1,068.31","1,070.15","1,058.56",755.49K,-0.12%
05/18/2023,"1,068.31","1,060.44","1,073.41","1,060.44",649.54K,0.74%
05/17/2023,"1,060.44","1,065.91","1,069.95","1,060.44",836.83K,-0.51%
05/16/2023,"1,065.91","1,065.71","1,069.27","1,063.65",681.38K,0.02%
05/15/2023,"1,065.71","1,066.90","1,076.32","1,065.71",834.50K,-0.11%
5/12/2023,"1,066.90","1,057.12","1,066.90","1,053.97",725.83K,0.93%
5/11/2023,"1,057.12","1,058.26","1,063.69","1,056.72",708.31K,-0.11%
5/10/2023,"1,058.26","1,055.62","1,058.67","1,053.34",717.42K,0.43%
5/9/2023,"1,053.77","1,055.42","1,058.71","1,052.68",564.40K,0.03%
5/8/2023,"1,053.44","1,040.31","1,053.44","1,040.31",655.53K,1.26%
5/5/2023,"1,040.31","1,040.61","1,043.22","1,036.69",547.78K,-0.03%
5/4/2023,"1,040.61","1,049.12","1,049.12","1,038.18",625.81K,-0.81%
04/28/2023,"1,049.12","1,043.17","1,049.12","1,042.04",613.14K,0.91%
04/27/2023,"1,039.63","1,040.80","1,044.25","1,037.62",511.73K,-0.11%
04/26/2023,"1,040.80","1,034.85","1,040.80","1,029.19",576.78K,0.57%
04/25/2023,"1,034.85","1,045.87","1,045.87","1,032.49",539.59K,-0.63%
04/24/2023,"1,041.36","1,042.91","1,047.18","1,038.36",556.99K,-0.15%
04/21/2023,"1,042.91","1,049.25","1,050.40","1,041.26",553.03K,-0.60%
04/20/2023,"1,049.25","1,048.98","1,051.86","1,045.85",373.75K,0.03%
04/19/2023,"1,048.98","1,055.02","1,058.14","1,047.47",569.68K,-0.57%
04/18/2023,"1,055.02","1,053.81","1,057.15","1,050.89",539.76K,0.11%
04/17/2023,"1,053.81","1,052.89","1,054.72","1,049.11",453.79K,0.09%
04/14/2023,"1,052.89","1,064.30","1,068.79","1,052.89",786.53K,-1.07%
04/13/2023,"1,064.30","1,069.45","1,070.96","1,062.26",673.04K,-0.48%
4/12/2023,"1,069.45","1,071.61","1,072.70","1,066.43",726.16K,0.00%
4/11/2023,"1,069.46","1,065.35","1,070.56","1,056.90",697.78K,0.39%
4/10/2023,"1,065.35","1,073.86","1,075.54","1,063.45",857.46K,-0.41%
4/7/2023,"1,069.71","1,070.91","1,072.94","1,063.70",646.00K,-0.11%
4/6/2023,"1,070.91","1,080.86","1,084.52","1,070.91",998.76K,-0.92%
4/5/2023,"1,080.86","1,078.45","1,080.86","1,074.10",793.75K,0.22%
4/4/2023,"1,078.45","1,079.28","1,082.21","1,075.10",803.89K,-0.08%
4/3/2023,"1,079.28","1,064.64","1,079.28","1,064.64",821.31K,1.38%
03/31/2023,"1,064.64","1,059.44","1,067.55","1,059.44",639.93K,0.49%
03/30/2023,"1,059.44","1,056.33","1,066.23","1,056.33",633.98K,0.29%
03/29/2023,"1,056.33","1,054.29","1,056.33","1,048.26",460.96K,0.19%
03/28/2023,"1,054.29","1,052.25","1,059.83","1,051.75",648.10K,0.19%
03/27/2023,"1,052.25","1,047.78","1,053.78","1,041.99",556.95K,0.52%
03/24/2023,"1,046.79","1,045.10","1,052.29","1,044.02",579.74K,0.16%
03/23/2023,"1,045.10","1,040.54","1,045.10","1,030.93",431.45K,0.44%
03/22/2023,"1,040.54","1,032.43","1,042.84","1,032.43",458.78K,0.79%
03/21/2023,"1,032.43","1,023.10","1,036.15","1,017.05",474.89K,0.91%
03/20/2023,"1,023.10","1,045.14","1,045.14","1,022.71",567.36K,-2.11%
03/17/2023,"1,045.14","1,047.40","1,055.42","1,043.54",564.93K,-0.22%
03/16/2023,"1,047.40","1,062.19","1,062.19","1,043.65",532.93K,-1.39%
03/15/2023,"1,062.19","1,040.13","1,062.55","1,040.13",622.86K,2.12%
03/14/2023,"1,040.13","1,052.80","1,052.80","1,034.72",621.19K,-1.20%
03/13/2023,"1,052.80","1,053.00","1,055.58","1,045.46",625.07K,-0.02%
3/10/2023,"1,053.00","1,055.95","1,055.95","1,046.31",508.59K,-0.28%
3/9/2023,"1,055.95","1,049.18","1,060.56","1,049.18",609.04K,0.65%
3/8/2023,"1,049.18","1,037.84","1,049.18","1,027.80",510.28K,1.09%
3/7/2023,"1,037.84","1,027.18","1,043.92","1,027.18",473.17K,1.04%
3/6/2023,"1,027.18","1,024.77","1,042.43","1,024.77",421.90K,0.24%
3/3/2023,"1,024.77","1,038.10","1,041.82","1,022.78",447.72K,-1.24%
3/2/2023,"1,037.61","1,039.00","1,043.80","1,033.07",373.16K,-0.28%
3/1/2023,"1,040.55","1,024.68","1,040.55","1,013.37",523.62K,1.55%
02/28/2023,"1,024.68","1,021.25","1,034.36","1,018.72",432.96K,0.34%
02/27/2023,"1,021.25","1,039.56","1,039.56","1,017.55",588.61K,-1.76%
02/24/2023,"1,039.56","1,053.66","1,053.66","1,034.66",430.41K,-1.34%
02/23/2023,"1,053.66","1,054.28","1,054.48","1,030.58",720.75K,-0.06%
02/22/2023,"1,054.28","1,082.23","1,082.23","1,054.28",814.01K,-2.58%
02/21/2023,"1,082.23","1,086.69","1,095.10","1,081.80",720.35K,-0.41%
02/20/2023,"1,086.69","1,059.74","1,088.01","1,059.56",682.29K,2.58%
02/17/2023,"1,059.31","1,058.29","1,062.25","1,053.26",465.08K,0.10%
02/16/2023,"1,058.29","1,048.20","1,058.29","1,047.45",475.80K,0.96%
02/15/2023,"1,048.20","1,038.64","1,051.89","1,034.39",585.76K,0.92%
02/14/2023,"1,038.64","1,043.70","1,046.64","1,032.76",395.73K,-0.48%
02/13/2023,"1,043.70","1,055.30","1,055.30","1,031.70",681.32K,-1.10%
2/10/2023,"1,055.30","1,064.03","1,066.28","1,054.08",463.94K,-0.82%
2/9/2023,"1,064.03","1,072.22","1,075.20","1,064.03",473.85K,-0.76%
2/8/2023,"1,072.22","1,065.84","1,079.51","1,063.50",569.32K,0.60%
2/7/2023,"1,065.84","1,089.29","1,092.12","1,065.18",673.21K,-2.15%
2/6/2023,"1,089.29","1,077.15","1,089.29","1,067.24",527.01K,1.13%
2/3/2023,"1,077.15","1,077.59","1,081.89","1,070.46",563.83K,-0.04%
2/2/2023,"1,077.59","1,075.97","1,083.36","1,070.81",634.74K,0.15%
2/1/2023,"1,075.97","1,111.18","1,116.96","1,075.97",1.03M,-3.17%
01/31/2023,"1,111.18","1,102.57","1,111.18","1,088.25",748.42K,0.78%
01/30/2023,"1,102.57","1,117.10","1,118.46","1,102.57",798.68K,-1.30%
01/27/2023,"1,117.10","1,108.08","1,124.30","1,108.08",604.93K,0.81%
01/19/2023,"1,108.08","1,098.28","1,111.72","1,094.46",617.71K,0.89%
01/18/2023,"1,098.28","1,088.29","1,100.39","1,088.29",604.20K,0.92%
01/17/2023,"1,088.29","1,066.68","1,088.29","1,066.68",673.93K,2.03%
01/16/2023,"1,066.68","1,060.17","1,067.74","1,057.87",520.79K,0.61%
01/13/2023,"1,060.17","1,056.39","1,066.39","1,055.23",670.23K,0.36%
1/12/2023,"1,056.39","1,055.76","1,060.97","1,050.27",506.47K,0.06%
1/11/2023,"1,055.76","1,053.35","1,065.69","1,053.35",545.18K,0.23%
1/10/2023,"1,053.35","1,054.21","1,057.44","1,045.75",546.26K,-0.08%
1/9/2023,"1,054.21","1,058.28","1,062.12","1,050.95",475.20K,0.26%
1/6/2023,"1,051.44","1,055.82","1,065.58","1,047.26",698.50K,-0.41%
1/5/2023,"1,055.82","1,048.17","1,058.14","1,046.64",535.05K,0.91%
1/4/2023,"1,046.35","1,043.90","1,052.60","1,041.56",647.73K,0.23%
1/3/2023,"1,043.90","1,007.09","1,043.90","1,007.09",551.33K,3.66%
12/30/2022,"1,007.09","1,009.29","1,017.99","1,007.09",407.14K,-0.22%
12/29/2022,"1,009.29","1,015.66","1,021.96","1,009.29",462.66K,-0.63%
12/28/2022,"1,015.66","1,004.57","1,020.52",998.97,590.45K,1.10%
12/27/2022,"1,004.57",985.21,"1,007.88",983.67,593.36K,1.97%
12/26/2022,985.21,"1,020.34","1,021.89",985.21,623.49K,-3.44%
12/23/2022,"1,020.34","1,022.61","1,027.34","1,013.20",544.11K,-0.22%
12/22/2022,"1,022.61","1,018.88","1,033.18","1,016.54",714.22K,0.37%
12/21/2022,"1,018.88","1,033.34","1,033.84","1,005.43",857.33K,-0.42%
12/20/2022,"1,023.13","1,038.40","1,038.74","1,010.08",1.08M,-1.47%
12/19/2022,"1,038.40","1,052.48","1,065.59","1,038.40",988.84K,-1.34%
12/16/2022,"1,052.48","1,055.32","1,064.79","1,047.16",881.53K,-0.27%
12/15/2022,"1,055.32","1,049.16","1,062.61","1,049.06",731.12K,0.47%
12/14/2022,"1,050.43","1,047.45","1,062.18","1,046.43",792.04K,0.28%
12/13/2022,"1,047.45","1,032.07","1,047.45","1,026.30",798.74K,1.49%
12/12/2022,"1,032.07","1,051.81","1,065.16","1,032.07",909.57K,-1.88%
12/9/2022,"1,051.81","1,050.53","1,061.21","1,041.39",788.20K,0.12%
12/8/2022,"1,050.53","1,041.02","1,078.09","1,041.02",916.99K,0.91%
12/7/2022,"1,041.02","1,048.69","1,059.79","1,034.92",920.94K,-0.73%
12/6/2022,"1,048.69","1,093.67","1,093.67","1,048.69",1.48M,-4.11%
12/5/2022,"1,093.67","1,080.01","1,099.45","1,080.01",1.26M,1.26%
12/2/2022,"1,080.01","1,036.28","1,080.01","1,030.81",1.09M,4.22%
12/1/2022,"1,036.28","1,048.42","1,066.28","1,035.62",1.34M,-1.16%
11/30/2022,"1,048.42","1,032.16","1,048.42","1,021.54",1.14M,1.58%
11/29/2022,"1,032.16","1,005.69","1,032.16",998.56,1.18M,2.63%
11/28/2022,"1,005.69",971.46,"1,006.22",971.46,973.79K,3.52%
11/25/2022,971.46,947.71,971.46,947.71,622.50K,2.51%
11/24/2022,947.71,946,950.03,934.31,543.14K,0.18%
11/23/2022,946,952.12,958.61,942.02,542.12K,-0.64%
11/22/2022,952.12,960.65,985.28,948.52,1.05M,-0.89%
11/21/2022,960.65,969.33,973.19,956.77,597.72K,-0.90%
11/18/2022,969.33,969.26,971.77,939.73,960.58K,0.01%
11/17/2022,969.26,942.9,972.88,942.9,724.46K,2.80%
11/16/2022,942.9,911.9,945.42,873.78,1.05M,3.40%
11/15/2022,911.9,941.04,941.04,900.17,692.34K,-3.10%
11/14/2022,941.04,954.53,954.53,923.53,666.06K,-1.41%
11/11/2022,954.53,947.24,966.7,947.24,736.49K,0.77%
11/10/2022,947.24,975.97,976.31,935.78,698.76K,-3.89%
11/9/2022,985.59,981.65,994.79,977.93,583.06K,0.40%
11/8/2022,981.65,975.19,981.86,956.97,660.72K,0.66%
11/7/2022,975.19,997.15,997.15,969.61,646.85K,-2.20%
11/4/2022,997.15,"1,008.23","1,009.96",974.61,753.11K,-2.22%
11/3/2022,"1,019.81","1,023.19","1,023.95","1,010.65",442.89K,-0.33%
11/2/2022,"1,023.19","1,033.75","1,034.73","1,018.64",578.23K,-1.02%
11/1/2022,"1,033.75","1,027.94","1,043.53","1,027.39",613.98K,0.57%
10/31/2022,"1,027.94","1,028.24","1,030.32","1,005.00",662.04K,0.06%
10/28/2022,"1,027.36","1,028.01","1,044.57","1,026.53",654.70K,-0.06%
10/27/2022,"1,028.01",993.36,"1,028.01",990.48,647.72K,3.49%
10/26/2022,993.36,997.7,"1,004.55",984.71,448.28K,-0.44%
10/25/2022,997.7,986.15,"1,011.39",962.45,751.18K,1.17%
10/24/2022,986.15,"1,019.82","1,023.51",977.41,654.95K,-3.30%
10/21/2022,"1,019.82","1,058.45","1,059.09","1,013.69",742.10K,-3.65%
10/20/2022,"1,058.45","1,056.14","1,065.28","1,048.21",398.33K,-0.15%
10/19/2022,"1,060.07","1,063.66","1,065.99","1,052.29",400.66K,-0.34%
10/18/2022,"1,063.66","1,051.58","1,071.74","1,051.58",514.84K,1.15%
10/17/2022,"1,051.58","1,061.85","1,061.85","1,033.59",497.42K,-0.97%
10/14/2022,"1,061.85","1,050.99","1,068.12","1,050.99",641.48K,1.03%
10/13/2022,"1,050.99","1,034.81","1,050.99","1,025.04",477.33K,1.56%
10/12/2022,"1,034.81","1,006.20","1,039.44","1,002.89",616.14K,2.84%
10/11/2022,"1,006.20","1,042.48","1,042.48",998.64,672.10K,-3.48%
10/10/2022,"1,042.48","1,035.91","1,051.02","1,012.94",692.98K,0.63%
10/7/2022,"1,035.91","1,074.52","1,074.52","1,022.38",877.31K,-3.59%
10/6/2022,"1,074.52","1,104.26","1,106.97","1,072.57",545.82K,-2.69%
10/5/2022,"1,104.26","1,078.14","1,110.21","1,078.14",451.94K,2.42%
10/4/2022,"1,078.14","1,086.44","1,100.42","1,069.74",582.82K,-0.76%
10/3/2022,"1,086.44","1,132.11","1,132.11","1,079.86",554.15K,-4.03%
09/30/2022,"1,132.11","1,126.07","1,135.47","1,099.44",729.67K,0.54%
09/29/2022,"1,126.07","1,143.62","1,159.49","1,126.07",491.47K,-1.53%
09/28/2022,"1,143.62","1,166.54","1,166.54","1,142.79",527.70K,-1.96%
09/27/2022,"1,166.54","1,174.35","1,180.75","1,166.44",466.62K,-0.67%
09/26/2022,"1,174.35","1,203.28","1,203.28","1,159.12",757.09K,-2.40%
09/23/2022,"1,203.28","1,214.70","1,216.59","1,201.45",485.38K,-0.94%
09/22/2022,"1,214.70","1,210.55","1,214.70","1,196.64",473.56K,0.34%
09/21/2022,"1,210.55","1,218.93","1,218.93","1,204.68",391.71K,-0.69%
09/20/2022,"1,218.93","1,212.08","1,218.93","1,199.71",473.89K,1.12%
09/19/2022,"1,205.43","1,234.03","1,234.03","1,202.07",701.96K,-2.32%
09/16/2022,"1,234.03","1,245.66","1,246.17","1,230.37",632.37K,-0.93%
09/15/2022,"1,245.66","1,240.77","1,250.93","1,240.77",429.84K,0.39%
09/14/2022,"1,240.77","1,248.40","1,248.40","1,228.51",607.86K,-0.61%
09/13/2022,"1,248.40","1,249.62","1,252.35","1,243.87",473.97K,-0.10%
9/12/2022,"1,249.62","1,248.78","1,257.80","1,248.78",410.19K,0.07%
9/9/2022,"1,248.78","1,234.60","1,248.78","1,228.54",586.03K,1.15%
9/8/2022,"1,234.60","1,243.17","1,251.36","1,234.60",599.61K,-0.69%
9/7/2022,"1,243.17","1,277.40","1,277.40","1,243.17",852.27K,-2.68%
9/6/2022,"1,277.40","1,279.58","1,286.92","1,277.40",581.46K,0.00%
9/5/2022,"1,277.35","1,280.51","1,285.70","1,275.35",524.68K,-0.25%
08/31/2022,"1,280.51","1,279.39","1,285.29","1,274.99",499.31K,0.09%
08/30/2022,"1,279.39","1,270.80","1,287.65","1,270.80",526.10K,0.68%
08/29/2022,"1,270.80","1,282.57","1,282.57","1,249.17",845.90K,-0.92%
08/26/2022,"1,282.57","1,291.29","1,295.12","1,280.05",668.96K,-0.49%
08/25/2022,"1,288.88","1,277.16","1,289.18","1,277.16",623.97K,0.92%
08/24/2022,"1,277.16","1,270.81","1,280.36","1,270.81",601.89K,0.50%
08/23/2022,"1,270.81","1,260.43","1,270.81","1,253.45",564.72K,0.82%
08/22/2022,"1,260.43","1,269.18","1,270.57","1,255.83",619.45K,-0.69%
08/19/2022,"1,269.18","1,273.66","1,280.00","1,263.45",607.62K,-0.35%
08/18/2022,"1,273.66","1,275.28","1,283.15","1,268.64",599.08K,-0.13%
08/17/2022,"1,275.28","1,274.69","1,280.61","1,271.97",712.25K,0.05%
08/16/2022,"1,274.69","1,274.20","1,275.93","1,271.11",617.72K,0.04%
08/15/2022,"1,274.20","1,262.33","1,274.24","1,262.33",634.20K,0.94%
8/12/2022,"1,262.33","1,252.07","1,262.33","1,248.65",542.04K,0.82%
8/11/2022,"1,252.07","1,256.50","1,268.03","1,245.85",810.55K,-0.35%
8/10/2022,"1,256.50","1,258.85","1,260.36","1,253.89",651.76K,-0.19%
8/9/2022,"1,258.85","1,256.75","1,263.14","1,252.84",721.64K,0.17%
8/8/2022,"1,256.75","1,252.36","1,258.84","1,252.04",699.34K,0.32%
8/5/2022,"1,252.74","1,250.25","1,253.75","1,245.05",698.64K,-0.11%
8/4/2022,"1,254.15","1,249.76","1,257.38","1,247.38",724.75K,0.35%
8/3/2022,"1,249.76","1,241.62","1,250.20","1,232.41",789.52K,0.66%
8/2/2022,"1,241.62","1,231.35","1,241.91","1,224.11",817.69K,0.83%
8/1/2022,"1,231.35","1,206.33","1,231.35","1,206.33",708.71K,2.07%
07/29/2022,"1,206.33","1,208.12","1,217.84","1,206.33",590.32K,-0.15%
07/28/2022,"1,208.12","1,191.04","1,214.03","1,191.04",668.86K,1.43%
07/27/2022,"1,191.04","1,185.07","1,191.04","1,178.58",445.14K,0.50%
07/26/2022,"1,185.07","1,188.50","1,194.15","1,184.44",434.80K,-0.29%
07/25/2022,"1,188.50","1,191.43","1,198.16","1,184.32",437.85K,-0.52%
07/22/2022,"1,194.76","1,198.47","1,202.69","1,194.76",477.95K,-0.31%
07/21/2022,"1,198.47","1,194.14","1,201.91","1,194.14",530.31K,0.36%
07/20/2022,"1,194.14","1,178.33","1,198.63","1,178.33",648.00K,1.34%
07/19/2022,"1,178.33","1,176.49","1,180.46","1,168.99",532.69K,0.16%
07/18/2022,"1,176.49","1,179.25","1,184.93","1,174.70",523.73K,-0.23%
07/15/2022,"1,179.25","1,182.17","1,189.66","1,178.12",604.01K,-0.25%
07/14/2022,"1,182.17","1,173.92","1,182.17","1,170.04",534.74K,0.70%
07/13/2022,"1,173.92","1,173.46","1,182.21","1,170.92",564.00K,-0.08%
7/12/2022,"1,174.82","1,155.29","1,174.82","1,153.55",525.11K,1.69%
7/11/2022,"1,155.29","1,171.31","1,171.31","1,144.55",538.71K,-1.37%
7/8/2022,"1,171.31","1,166.48","1,177.18","1,164.23",476.37K,0.41%
7/7/2022,"1,166.48","1,149.61","1,166.48","1,142.80",411.79K,1.47%
7/6/2022,"1,149.61","1,181.29","1,181.29","1,147.63",556.46K,-2.68%
7/5/2022,"1,181.29","1,195.53","1,200.99","1,181.29",612.00K,-1.19%
7/4/2022,"1,195.53","1,206.47","1,208.96","1,192.63",442.82K,-0.28%
7/1/2022,"1,198.90","1,197.60","1,202.41","1,170.95",534.07K,0.11%
06/30/2022,"1,197.60","1,218.09","1,220.51","1,197.60",510.22K,-1.68%
06/29/2022,"1,218.09","1,218.10","1,219.58","1,207.38",560.59K,0.00%
06/28/2022,"1,218.10","1,202.82","1,221.74","1,198.99",588.39K,1.27%
06/27/2022,"1,202.82","1,185.48","1,203.51","1,185.48",526.96K,1.46%
06/24/2022,"1,185.48","1,188.88","1,196.85","1,185.48",478.69K,-0.29%
06/23/2022,"1,188.88","1,169.27","1,188.88","1,162.06",440.78K,1.68%
06/22/2022,"1,169.27","1,172.47","1,185.86","1,162.98",592.48K,-0.27%
06/21/2022,"1,172.47","1,180.40","1,189.97","1,162.94",694.93K,-0.67%
06/20/2022,"1,180.40","1,218.37","1,221.60","1,180.40",669.55K,-3.03%
06/17/2022,"1,217.30","1,236.63","1,236.63","1,191.92",738.58K,-1.56%
06/16/2022,"1,236.63","1,213.93","1,246.32","1,213.93",561.69K,1.87%
06/15/2022,"1,213.93","1,230.31","1,235.56","1,195.19",688.12K,-1.33%
06/14/2022,"1,230.31","1,227.04","1,239.36","1,211.13",560.89K,0.27%
06/13/2022,"1,227.04","1,284.08","1,284.08","1,226.01",733.45K,-4.44%
6/10/2022,"1,284.08","1,307.80","1,309.59","1,284.08",603.29K,-1.81%
6/9/2022,"1,307.80","1,307.91","1,312.44","1,300.85",465.66K,-0.01%
6/8/2022,"1,307.91","1,291.35","1,316.78","1,291.35",584.57K,1.28%
6/7/2022,"1,291.35","1,290.01","1,291.35","1,260.92",670.87K,0.10%
6/6/2022,"1,290.01","1,287.98","1,302.14","1,281.95",589.89K,0.16%
6/3/2022,"1,287.98","1,288.62","1,292.78","1,276.37",473.81K,-0.05%
6/2/2022,"1,288.62","1,299.52","1,302.66","1,283.32",572.55K,-0.84%
6/1/2022,"1,299.52","1,292.68","1,302.25","1,286.01",573.63K,0.53%
05/31/2022,"1,292.68","1,293.92","1,297.64","1,280.44",591.09K,-0.10%
05/30/2022,"1,293.92","1,285.45","1,296.22","1,281.27",587.23K,0.66%
05/27/2022,"1,285.45","1,268.57","1,286.99","1,268.57",607.22K,1.33%
05/26/2022,"1,268.57","1,268.43","1,278.11","1,261.55",541.91K,0.01%
05/25/2022,"1,268.43","1,233.38","1,268.43","1,233.38",655.24K,2.84%
05/24/2022,"1,233.38","1,218.81","1,233.38","1,203.28",528.48K,1.20%
05/23/2022,"1,218.81","1,240.71","1,246.58","1,207.99",557.43K,-1.77%
05/20/2022,"1,240.71","1,241.64","1,252.96","1,232.33",504.69K,-0.07%
05/19/2022,"1,241.64","1,240.76","1,246.66","1,210.43",496.73K,0.07%
05/18/2022,"1,240.76","1,228.37","1,249.84","1,222.92",566.36K,1.01%
05/17/2022,"1,228.37","1,171.95","1,228.37","1,156.54",583.96K,4.81%
05/16/2022,"1,171.95","1,182.77","1,215.96","1,170.59",584.39K,-0.91%
05/13/2022,"1,182.77","1,238.84","1,238.84","1,180.60",816.99K,-4.53%
5/12/2022,"1,238.84","1,301.53","1,301.53","1,238.05",557.89K,-4.82%
5/11/2022,"1,301.53","1,293.56","1,305.17","1,277.91",418.23K,0.62%
5/10/2022,"1,293.56","1,269.62","1,293.56","1,232.57",665.48K,1.89%
5/9/2022,"1,269.62","1,329.26","1,329.26","1,265.54",673.76K,-4.49%
5/6/2022,"1,329.26","1,360.68","1,360.68","1,328.13",564.07K,-2.31%
5/5/2022,"1,360.68","1,348.68","1,362.18","1,331.41",531.08K,0.89%
5/4/2022,"1,348.68","1,366.11","1,366.39","1,348.68",528.29K,-1.33%
04/29/2022,"1,366.80","1,350.99","1,369.31","1,343.24",598.40K,1.17%
04/28/2022,"1,350.99","1,353.77","1,358.07","1,344.10",485.12K,-0.21%
04/27/2022,"1,353.77","1,341.34","1,355.92","1,314.81",519.56K,0.93%
04/26/2022,"1,341.34","1,310.92","1,341.34","1,261.40",727.65K,2.32%
04/25/2022,"1,310.92","1,379.23","1,382.13","1,298.38",762.88K,-4.95%
04/22/2022,"1,379.23","1,370.21","1,392.89","1,352.43",834.41K,0.66%
04/21/2022,"1,370.21","1,384.72","1,392.33","1,356.58",810.67K,-1.05%
04/20/2022,"1,384.72","1,401.63","1,410.64","1,384.72",688.33K,-1.55%
04/19/2022,"1,406.45","1,432.60","1,442.04","1,406.45",702.35K,-1.83%
04/18/2022,"1,432.60","1,458.56","1,458.56","1,425.07",827.69K,-1.78%
04/15/2022,"1,458.56","1,472.12","1,478.95","1,456.39",659.47K,-0.92%
04/14/2022,"1,472.12","1,477.20","1,484.34","1,471.75",523.37K,-0.34%
04/13/2022,"1,477.20","1,455.25","1,477.20","1,448.52",674.79K,1.51%
4/12/2022,"1,455.25","1,482.00","1,490.58","1,455.25",680.06K,-1.80%
4/8/2022,"1,482.00","1,502.35","1,507.73","1,482.00",763.56K,-1.35%
4/7/2022,"1,502.35","1,522.90","1,524.92","1,502.35",795.13K,-1.35%
4/6/2022,"1,522.90","1,520.03","1,523.75","1,507.62",944.04K,0.19%
4/5/2022,"1,520.03","1,524.70","1,527.57","1,519.28",703.53K,-0.31%
4/4/2022,"1,524.70","1,516.44","1,530.95","1,516.44",779.58K,0.54%
4/1/2022,"1,516.44","1,492.15","1,516.87","1,484.13",967.67K,1.63%
03/31/2022,"1,492.15","1,490.51","1,498.41","1,488.27",684.54K,0.11%
03/30/2022,"1,490.51","1,497.76","1,503.89","1,483.90",901.49K,-0.48%
03/29/2022,"1,497.76","1,483.18","1,498.45","1,483.18",737.94K,0.98%
03/28/2022,"1,483.18","1,498.50","1,498.50","1,473.80",1.07M,-1.02%
03/25/2022,"1,498.50","1,500.17","1,503.29","1,494.55",768.94K,0.02%
03/24/2022,"1,498.26","1,502.34","1,505.39","1,495.18",784.91K,-0.27%
03/23/2022,"1,502.34","1,503.78","1,513.90","1,501.67",861.13K,-0.10%
03/22/2022,"1,503.78","1,494.95","1,507.71","1,494.95",947.70K,0.59%
03/21/2022,"1,494.95","1,474.78","1,494.95","1,474.38",792.16K,1.76%
03/18/2022,"1,469.10","1,461.34","1,474.86","1,461.34",795.73K,0.53%
03/17/2022,"1,461.34","1,459.33","1,467.74","1,459.14",717.44K,0.14%
03/16/2022,"1,459.33","1,452.74","1,462.98","1,452.74",624.22K,0.45%
03/15/2022,"1,452.74","1,446.25","1,453.07","1,437.27",675.63K,0.45%
03/14/2022,"1,446.25","1,466.54","1,466.54","1,439.19",858.57K,-1.38%
3/11/2022,"1,466.54","1,479.08","1,480.29","1,458.88",878.19K,-0.85%
3/10/2022,"1,479.08","1,473.74","1,488.59","1,473.74",649.94K,0.36%
3/9/2022,"1,473.74","1,473.71","1,482.86","1,462.80",930.30K,0.00%
3/8/2022,"1,473.71","1,499.05","1,499.05","1,473.71",1.04M,-1.69%
3/7/2022,"1,499.05","1,505.33","1,505.33","1,493.87",981.72K,-0.42%
3/4/2022,"1,505.33","1,505.00","1,509.19","1,501.39",928.92K,0.02%
3/3/2022,"1,505.00","1,485.52","1,505.00","1,485.52",929.21K,1.31%
3/2/2022,"1,485.52","1,499.37","1,500.41","1,479.55",941.55K,-0.88%
3/1/2022,"1,498.78","1,490.13","1,501.73","1,490.13",842.43K,0.58%
02/28/2022,"1,490.13","1,498.89","1,502.36","1,487.57",729.79K,-0.58%
02/25/2022,"1,498.89","1,494.85","1,512.05","1,494.85",768.01K,0.27%
02/24/2022,"1,494.85","1,512.30","1,513.25","1,473.76",1.16M,-1.15%
02/23/2022,"1,512.30","1,503.47","1,520.78","1,503.47",694.65K,0.59%
02/22/2022,"1,503.47","1,510.84","1,510.84","1,484.81",908.05K,-0.49%
02/21/2022,"1,510.84","1,504.84","1,516.63","1,500.97",791.92K,0.40%
02/18/2022,"1,504.84","1,507.99","1,507.99","1,492.38",697.55K,-0.21%
02/17/2022,"1,507.99","1,492.10","1,507.99","1,492.10",615.79K,1.06%
02/16/2022,"1,492.10","1,492.75","1,499.50","1,486.68",702.52K,-0.04%
02/15/2022,"1,492.75","1,471.96","1,495.56","1,470.06",606.42K,1.41%
02/14/2022,"1,471.96","1,501.71","1,501.71","1,471.96",810.72K,-1.98%
2/11/2022,"1,501.71","1,506.79","1,508.54","1,499.06",636.28K,-0.34%
2/10/2022,"1,506.79","1,510.66","1,512.88","1,495.70",680.25K,0.09%
2/9/2022,"1,505.38","1,500.99","1,511.72","1,499.53",794.74K,0.29%
2/8/2022,"1,500.99","1,497.66","1,503.33","1,491.78",734.76K,0.22%
2/7/2022,"1,497.66","1,478.96","1,505.69","1,478.96",578.17K,1.26%
01/28/2022,"1,478.96","1,470.76","1,484.48","1,465.22",702.68K,0.56%
01/27/2022,"1,470.76","1,481.58","1,486.39","1,464.06",564.60K,-0.73%
01/26/2022,"1,481.58","1,479.58","1,490.45","1,478.41",813.18K,0.14%
01/25/2022,"1,479.58","1,439.71","1,479.58","1,424.36",751.39K,2.77%
01/24/2022,"1,439.71","1,472.89","1,472.89","1,432.18",828.13K,-2.25%
01/21/2022,"1,472.89","1,465.30","1,477.23","1,463.06",811.35K,0.52%
01/20/2022,"1,465.30","1,442.79","1,469.08","1,432.58",785.76K,1.56%
01/19/2022,"1,442.79","1,438.94","1,449.11","1,434.46",637.63K,0.27%
01/18/2022,"1,438.94","1,452.84","1,452.84","1,424.65",739.29K,-0.96%
01/17/2022,"1,452.84","1,496.02","1,503.86","1,452.84",987.10K,-2.89%
01/14/2022,"1,496.02","1,496.05","1,503.25","1,476.68",785.61K,0.00%
01/13/2022,"1,496.05","1,510.51","1,522.60","1,495.13",995.82K,-0.96%
1/12/2022,"1,510.51","1,489.11","1,510.51","1,464.49",1.13M,1.22%
1/11/2022,"1,492.31","1,503.71","1,512.05","1,488.40",1.25M,-0.76%
1/10/2022,"1,503.71","1,528.48","1,536.45","1,503.71",1.38M,-1.62%
1/7/2022,"1,528.48","1,534.10","1,534.52","1,524.96",1.03M,-0.01%
1/6/2022,"1,528.57","1,522.50","1,536.24","1,518.18",1.13M,0.40%
1/5/2022,"1,522.50","1,525.58","1,535.82","1,522.50",1.06M,-0.20%
1/4/2022,"1,525.58","1,508.55","1,526.69","1,507.19",891.30K,1.82%
12/31/2021,"1,498.28","1,485.97","1,499.07","1,485.97",875.73K,0.83%
12/30/2021,"1,485.97","1,490.96","1,493.38","1,484.82",747.86K,0.01%
12/29/2021,"1,485.82","1,494.39","1,498.91","1,485.82",843.88K,-0.57%
12/28/2021,"1,494.39","1,488.88","1,499.77","1,483.97",1.00M,0.37%
12/27/2021,"1,488.88","1,477.03","1,490.12","1,469.91",752.11K,0.80%
12/24/2021,"1,477.03","1,456.96","1,478.80","1,456.32",889.48K,1.38%
12/23/2021,"1,456.96","1,477.67","1,481.21","1,447.14",1.36M,-1.40%
12/22/2021,"1,477.67","1,478.74","1,489.24","1,471.84",1.07M,-0.07%
12/21/2021,"1,478.74","1,477.33","1,486.09","1,472.43",902.84K,0.10%
12/20/2021,"1,477.33","1,479.79","1,483.85","1,468.88",963.35K,-0.17%
12/17/2021,"1,479.79","1,476.61","1,487.73","1,476.61",1.11M,0.22%
12/16/2021,"1,476.61","1,475.50","1,482.32","1,468.95",927.54K,0.08%
12/15/2021,"1,475.50","1,476.02","1,481.67","1,468.21",906.08K,-0.04%
12/14/2021,"1,476.02","1,476.21","1,485.14","1,469.21",964.11K,-0.01%
12/13/2021,"1,476.21","1,463.54","1,481.70","1,463.54",865.58K,0.87%
12/10/2021,"1,463.54","1,467.98","1,475.85","1,461.78",798.29K,-0.30%
12/9/2021,"1,467.98","1,452.87","1,467.98","1,446.88",665.46K,1.04%
12/8/2021,"1,452.87","1,446.77","1,460.28","1,446.77",771.03K,0.42%
12/7/2021,"1,446.77","1,413.58","1,446.77","1,413.58",755.91K,2.35%
12/6/2021,"1,413.58","1,443.32","1,452.55","1,400.87",1.04M,-2.06%
12/3/2021,"1,443.32","1,482.05","1,491.20","1,443.32",1.10M,-2.61%
12/2/2021,"1,482.05","1,485.19","1,493.84","1,482.05",763.96K,-0.21%
12/1/2021,"1,485.19","1,478.44","1,487.68","1,471.30",876.73K,0.46%
11/30/2021,"1,478.44","1,484.84","1,503.09","1,471.57",1.08M,-0.43%
11/29/2021,"1,484.84","1,493.03","1,493.03","1,464.83",1.01M,-0.55%
11/26/2021,"1,493.03","1,500.81","1,511.68","1,488.83",1.06M,-0.52%
11/25/2021,"1,500.81","1,488.87","1,505.36","1,488.87",1.01M,0.80%
11/24/2021,"1,488.87","1,463.63","1,491.05","1,463.63",1.12M,1.72%
11/23/2021,"1,463.63","1,447.25","1,463.63","1,438.41",880.07K,1.13%
11/22/2021,"1,447.25","1,452.35","1,466.46","1,442.85",1.27M,-0.35%
11/19/2021,"1,452.35","1,469.83","1,481.53","1,434.69",1.52M,-1.19%
11/18/2021,"1,469.83","1,475.85","1,482.87","1,469.83",1.09M,-0.41%
11/17/2021,"1,475.85","1,466.45","1,477.04","1,464.78",860.80K,0.64%
11/16/2021,"1,466.45","1,476.57","1,476.97","1,459.08",1.22M,-0.69%
11/15/2021,"1,476.57","1,473.37","1,481.96","1,466.01",1.17M,0.22%
11/12/2021,"1,473.37","1,462.35","1,474.98","1,453.22",955.63K,0.75%
11/11/2021,"1,462.35","1,465.02","1,472.89","1,449.18",1.27M,-0.18%
11/10/2021,"1,465.02","1,461.50","1,470.19","1,457.98",985.54K,0.24%
11/9/2021,"1,461.50","1,467.57","1,474.20","1,457.57",1.03M,-0.41%
11/8/2021,"1,467.57","1,456.51","1,470.49","1,456.51",1.08M,0.76%
11/5/2021,"1,456.51","1,448.34","1,459.93","1,444.51",874.07K,0.56%
11/4/2021,"1,448.34","1,444.30","1,451.98","1,435.84",929.53K,0.28%
11/3/2021,"1,444.30","1,452.46","1,463.63","1,440.67",1.51M,-0.56%
11/2/2021,"1,452.46","1,438.97","1,452.46","1,438.83",1.01M,0.94%
11/1/2021,"1,438.97","1,444.27","1,451.81","1,435.57",1.13M,-0.37%
10/29/2021,"1,444.27","1,438.01","1,447.62","1,432.19",982.01K,0.44%
10/28/2021,"1,438.01","1,423.02","1,440.64","1,420.42",865.43K,1.05%
10/27/2021,"1,423.02","1,391.63","1,423.02","1,391.63",936.22K,2.26%
10/26/2021,"1,391.63","1,385.40","1,393.03","1,377.56",747.95K,0.45%
10/25/2021,"1,385.40","1,389.24","1,395.72","1,385.40",899.26K,-0.28%
10/22/2021,"1,389.24","1,384.77","1,393.70","1,384.77",798.13K,0.32%
10/21/2021,"1,384.77","1,393.80","1,398.45","1,384.77",709.07K,-0.65%
10/20/2021,"1,393.80","1,395.33","1,401.76","1,376.15",845.89K,-0.11%
10/19/2021,"1,395.33","1,395.53","1,399.66","1,388.95",639.44K,-0.01%
10/18/2021,"1,395.53","1,392.70","1,402.63","1,390.88",795.92K,0.20%
10/15/2021,"1,392.70","1,391.85","1,399.03","1,388.00",784.56K,0.06%
10/14/2021,"1,391.85","1,391.91","1,398.67","1,388.89",725.51K,0.00%
10/13/2021,"1,391.91","1,394.80","1,400.67","1,389.61",645.35K,-0.21%
10/12/2021,"1,394.80","1,394.09","1,400.78","1,389.43",742.81K,0.05%
10/11/2021,"1,394.09","1,372.73","1,394.64","1,372.73",764.35K,1.56%
10/8/2021,"1,372.73","1,365.99","1,373.18","1,365.93",632.86K,0.49%
10/7/2021,"1,365.99","1,362.82","1,367.64","1,360.57",693.03K,0.23%
10/6/2021,"1,362.82","1,354.63","1,362.82","1,354.63",637.00K,0.60%
10/5/2021,"1,354.63","1,339.54","1,354.63","1,339.54",636.27K,1.13%
10/4/2021,"1,339.54","1,334.89","1,347.49","1,333.53",736.08K,0.35%
10/1/2021,"1,334.89","1,342.06","1,344.06","1,332.97",738.17K,-0.53%
09/30/2021,"1,342.06","1,339.21","1,348.89","1,339.21",438.29K,0.21%
09/29/2021,"1,339.21","1,339.31","1,340.90","1,328.17",598.50K,-0.01%
09/28/2021,"1,339.31","1,324.99","1,341.81","1,316.41",623.51K,1.08%
09/27/2021,"1,324.99","1,351.17","1,354.38","1,324.99",778.44K,-1.94%
09/24/2021,"1,351.17","1,352.76","1,356.97","1,348.07",673.10K,-0.12%
09/23/2021,"1,352.76","1,350.68","1,361.09","1,350.43",997.61K,0.15%
09/22/2021,"1,350.68","1,339.84","1,350.71","1,336.63",779.65K,0.81%
09/21/2021,"1,339.84","1,350.48","1,350.48","1,324.82",859.68K,-0.79%
09/20/2021,"1,350.48","1,352.64","1,365.92","1,349.18",895.46K,-0.16%
09/17/2021,"1,352.64","1,345.87","1,356.45","1,345.87",852.78K,0.50%
09/16/2021,"1,345.87","1,345.83","1,353.12","1,341.23",599.77K,0.00%
09/15/2021,"1,345.83","1,339.70","1,347.70","1,334.97",692.09K,0.46%
09/14/2021,"1,339.70","1,341.43","1,349.13","1,336.84",730.45K,-0.13%
09/13/2021,"1,341.43","1,345.31","1,350.69","1,340.50",775.47K,-0.29%
9/10/2021,"1,345.31","1,343.98","1,350.43","1,343.98",598.73K,0.10%
9/9/2021,"1,343.98","1,333.61","1,345.59","1,332.67",642.57K,0.78%
9/8/2021,"1,333.61","1,341.90","1,344.49","1,328.35",626.08K,-0.62%
9/7/2021,"1,341.90","1,346.39","1,353.66","1,340.32",869.38K,-0.33%
9/6/2021,"1,346.39","1,334.65","1,348.36","1,334.65",944.41K,0.88%
9/1/2021,"1,334.65","1,331.47","1,338.02","1,328.13",719.96K,0.24%
08/31/2021,"1,331.47","1,328.14","1,336.14","1,325.69",733.83K,0.25%
08/30/2021,"1,328.14","1,313.20","1,329.62","1,313.20",676.54K,1.14%
08/27/2021,"1,313.20","1,301.12","1,313.20","1,285.16",685.06K,0.93%
08/26/2021,"1,301.12","1,309.55","1,316.26","1,295.77",524.29K,-0.64%
08/25/2021,"1,309.55","1,298.74","1,310.16","1,291.70",522.87K,0.83%
08/24/2021,"1,298.74","1,298.86","1,307.56","1,289.16",714.27K,-0.01%
08/23/2021,"1,298.86","1,329.43","1,329.43","1,298.86",795.07K,-2.30%
08/20/2021,"1,329.43","1,374.85","1,374.85","1,317.52",1.21M,-3.30%
08/19/2021,"1,374.85","1,360.94","1,374.85","1,352.94",728.17K,1.02%
08/18/2021,"1,360.94","1,363.09","1,370.50","1,355.83",689.78K,-0.16%
08/17/2021,"1,363.09","1,370.96","1,379.70","1,359.11",768.61K,-0.57%
08/16/2021,"1,370.96","1,357.05","1,372.33","1,357.05",827.71K,1.03%
08/13/2021,"1,357.05","1,353.05","1,357.41","1,336.74",744.15K,0.30%
8/12/2021,"1,353.05","1,357.79","1,365.01","1,353.05",741.56K,-0.35%
8/11/2021,"1,357.79","1,362.43","1,374.03","1,357.79",806.77K,-0.34%
8/10/2021,"1,362.43","1,359.86","1,370.35","1,358.12",716.54K,0.19%
8/9/2021,"1,359.86","1,341.45","1,361.12","1,334.69",688.43K,1.37%
8/6/2021,"1,341.45","1,345.55","1,351.85","1,341.45",736.16K,-0.30%
8/5/2021,"1,345.55","1,334.74","1,346.62","1,326.80",635.47K,0.81%
8/4/2021,"1,334.74","1,332.44","1,340.76","1,328.40",661.80K,0.17%
8/3/2021,"1,332.44","1,314.22","1,332.44","1,314.22",647.01K,1.39%
8/2/2021,"1,314.22","1,310.05","1,322.35","1,304.49",614.53K,0.32%
07/30/2021,"1,310.05","1,293.60","1,311.97","1,293.60",644.44K,1.27%
07/29/2021,"1,293.60","1,277.07","1,293.60","1,277.07",491.06K,1.29%
07/28/2021,"1,277.07","1,276.93","1,281.17","1,271.78",406.89K,0.01%
07/27/2021,"1,276.93","1,272.71","1,288.35","1,272.71",566.75K,0.33%
07/26/2021,"1,272.71","1,268.83","1,277.33","1,254.57",508.55K,0.31%
07/23/2021,"1,268.83","1,293.67","1,295.63","1,268.83",582.25K,-1.92%
07/22/2021,"1,293.67","1,270.79","1,294.16","1,266.54",536.41K,1.80%
07/21/2021,"1,270.79","1,273.29","1,284.33","1,266.71",451.95K,-0.20%
07/20/2021,"1,273.29","1,243.51","1,273.29","1,225.52",568.60K,2.39%
07/19/2021,"1,243.51","1,299.31","1,299.31","1,237.79",731.02K,-4.29%
07/16/2021,"1,299.31","1,293.92","1,304.37","1,293.92",415.12K,0.42%
07/15/2021,"1,293.92","1,279.91","1,299.18","1,270.77",419.14K,1.09%
07/14/2021,"1,279.91","1,297.54","1,305.37","1,264.68",547.97K,-1.36%
07/13/2021,"1,297.54","1,296.30","1,307.73","1,278.30",500.18K,0.10%
7/12/2021,"1,296.30","1,347.14","1,347.14","1,270.06",912.74K,-3.77%
7/9/2021,"1,347.14","1,374.68","1,374.68","1,335.90",713.99K,-2.00%
7/8/2021,"1,374.68","1,388.55","1,388.55","1,363.92",528.83K,-1.00%
7/7/2021,"1,388.55","1,354.79","1,388.55","1,334.58",733.80K,2.49%
7/6/2021,"1,354.79","1,411.13","1,418.99","1,354.79",773.51K,-3.99%
7/5/2021,"1,411.13","1,420.27","1,421.52","1,394.12",774.45K,-0.64%
7/2/2021,"1,420.27","1,422.89","1,424.28","1,415.82",706.83K,0.23%
7/1/2021,"1,417.08","1,412.15","1,417.27","1,402.18",753.56K,0.61%
06/30/2021,"1,408.55","1,410.83","1,419.61","1,408.18",595.29K,-0.11%
06/29/2021,"1,410.04","1,408.34","1,416.34","1,406.87",647.39K,0.30%
06/28/2021,"1,405.81","1,397.96","1,406.02","1,390.56",699.51K,1.13%
06/25/2021,"1,390.12","1,382.11","1,390.12","1,372.80",598.11K,0.75%
06/24/2021,"1,379.72","1,376.87","1,384.71","1,372.99",591.75K,0.21%
06/23/2021,"1,376.87","1,383.15","1,388.33","1,372.06",710.77K,-0.22%
06/22/2021,"1,379.97","1,380.84","1,385.98","1,375.00",746.95K,0.53%
06/21/2021,"1,372.63","1,373.59","1,381.74","1,367.85",768.18K,-0.37%
06/18/2021,"1,377.77","1,366.19","1,377.77","1,363.52",809.47K,1.31%
06/17/2021,"1,359.92","1,341.06","1,364.55","1,337.49",768.73K,0.25%
06/16/2021,"1,356.52","1,363.85","1,370.14","1,350.73",769.63K,-0.79%
06/15/2021,"1,367.36","1,361.58","1,372.72","1,356.59",730.94K,0.41%
06/14/2021,"1,361.72","1,352.73","1,368.53","1,352.73",775.73K,0.74%
6/11/2021,"1,351.74","1,326.79","1,352.47","1,322.08",731.26K,2.13%
6/10/2021,"1,323.58","1,332.90","1,336.71","1,317.49",723.49K,-0.70%
6/9/2021,"1,332.90","1,323.52","1,339.14","1,312.08",822.29K,0.99%
6/8/2021,"1,319.88","1,355.36","1,364.48","1,318.11",924.51K,-2.86%
6/7/2021,"1,358.78","1,374.59","1,375.74","1,347.21",876.69K,-1.11%
6/4/2021,"1,374.05","1,367.06","1,374.05","1,360.42",943.33K,0.72%
6/3/2021,"1,364.28","1,345.21","1,366.00","1,345.21",898.88K,1.75%
6/2/2021,"1,340.78","1,337.78","1,344.98","1,330.82",805.24K,0.22%
6/1/2021,"1,337.78","1,329.47","1,346.34","1,328.84",629.42K,0.73%
05/31/2021,"1,328.05","1,326.65","1,328.05","1,307.56",737.18K,0.57%
05/28/2021,"1,320.46","1,307.79","1,323.09","1,300.06",768.85K,1.30%
05/27/2021,"1,303.57","1,318.42","1,319.67","1,299.99",733.00K,-1.00%
05/26/2021,"1,316.70","1,308.04","1,317.30","1,304.68",713.07K,0.62%
05/25/2021,"1,308.58","1,299.19","1,308.58","1,297.23",679.06K,0.82%
05/24/2021,"1,297.98","1,287.50","1,299.83","1,287.36",715.51K,1.09%
05/21/2021,"1,283.93","1,272.84","1,289.03","1,268.46",698.93K,0.45%
05/20/2021,"1,278.22","1,264.62","1,278.22","1,255.78",745.21K,1.25%
05/19/2021,"1,262.49","1,254.78","1,262.71","1,250.58",694.35K,0.78%
05/18/2021,"1,252.68","1,259.57","1,262.22","1,249.02",692.48K,-0.48%
05/17/2021,"1,258.70","1,272.55","1,277.83","1,258.50",758.29K,-0.60%
05/14/2021,"1,266.36","1,266.43","1,271.45","1,259.97",730.99K,0.35%
05/13/2021,"1,261.99","1,262.98","1,273.49","1,261.99",711.52K,-0.56%
5/12/2021,"1,269.09","1,251.97","1,269.09","1,249.18",700.67K,1.04%
5/11/2021,"1,256.04","1,265.11","1,272.55","1,256.04",770.09K,-0.28%
5/10/2021,"1,259.58","1,239.96","1,259.58","1,236.85",773.06K,1.43%
5/7/2021,"1,241.81","1,245.48","1,250.50","1,231.92",783.04K,-0.70%
5/6/2021,"1,250.57","1,255.42","1,261.49","1,246.64",730.50K,-0.47%
5/5/2021,"1,256.43","1,244.69","1,265.93","1,244.69",744.43K,1.15%
5/4/2021,"1,242.20","1,222.08","1,242.80","1,212.56",798.49K,0.23%
04/29/2021,"1,239.39","1,234.91","1,239.39","1,231.25",647.16K,0.80%
04/28/2021,"1,229.55","1,220.26","1,230.91","1,217.49",612.70K,0.80%
04/27/2021,"1,219.75","1,213.84","1,220.96","1,204.14",618.17K,0.33%
04/26/2021,"1,215.77","1,251.25","1,251.25","1,214.14",744.95K,-2.62%
04/23/2021,"1,248.53","1,227.18","1,248.53","1,216.15",716.52K,1.69%
04/22/2021,"1,227.82","1,264.31","1,271.98","1,227.82",770.37K,-3.19%
04/20/2021,"1,268.28","1,267.74","1,286.32","1,261.28",843.60K,0.61%
04/19/2021,"1,260.58","1,243.58","1,260.58","1,233.77",817.13K,1.77%
04/16/2021,"1,238.71","1,245.06","1,254.61","1,227.14",986.88K,-0.68%
04/15/2021,"1,247.25","1,262.25","1,265.87","1,247.25",806.49K,-0.69%
04/14/2021,"1,255.87","1,240.90","1,255.87","1,233.01",861.96K,0.60%
04/13/2021,"1,248.33","1,262.44","1,268.02","1,247.66",1.03M,-0.33%
4/12/2021,"1,252.45","1,236.79","1,252.45","1,232.35",890.31K,1.69%
4/9/2021,"1,231.66","1,231.51","1,234.98","1,227.60",732.82K,-0.26%
4/8/2021,"1,234.89","1,242.38","1,246.40","1,232.26",664.51K,-0.60%
4/7/2021,"1,242.38","1,237.39","1,242.38","1,232.52",727.82K,0.20%
4/6/2021,"1,239.96","1,233.37","1,244.63","1,231.14",694.06K,0.32%
4/5/2021,"1,236.05","1,245.28","1,245.28","1,228.18",693.04K,0.95%
4/2/2021,"1,224.45","1,225.76","1,228.29","1,221.07",661.89K,0.69%
4/1/2021,"1,216.10","1,194.59","1,217.26","1,192.83",672.84K,2.07%
03/31/2021,"1,191.44","1,186.36","1,196.45","1,186.36",703.08K,0.43%
03/30/2021,"1,186.36","1,179.64","1,187.29","1,172.85",780.73K,0.91%
03/29/2021,"1,175.68","1,169.65","1,175.77","1,165.78",660.95K,1.16%
03/26/2021,"1,162.21","1,162.71","1,165.76","1,137.90",670.46K,-0.08%
03/25/2021,"1,163.10","1,164.41","1,170.76","1,154.44",690.73K,0.11%
03/24/2021,"1,161.81","1,169.42","1,174.20","1,154.22",750.48K,-1.83%
03/23/2021,"1,183.45","1,190.28","1,191.47","1,177.10",683.72K,-0.92%
03/22/2021,"1,194.43","1,200.05","1,200.21","1,189.31",700.87K,0.03%
03/19/2021,"1,194.05","1,195.47","1,199.67","1,191.96",680.90K,-0.57%
03/18/2021,"1,200.94","1,196.60","1,200.94","1,191.94",628.64K,1.25%
03/17/2021,"1,186.09","1,178.64","1,186.09","1,176.26",701.09K,0.52%
03/16/2021,"1,179.90","1,184.91","1,184.91","1,171.76",683.85K,-0.39%
03/15/2021,"1,184.56","1,183.89","1,186.06","1,178.80",676.96K,0.25%
3/12/2021,"1,181.56","1,185.21","1,186.52","1,178.14",624.71K,-0.01%
3/11/2021,"1,181.73","1,170.08","1,183.73","1,170.08",629.10K,1.00%
3/10/2021,"1,170.08","1,163.86","1,170.59","1,154.89",723.92K,0.70%
3/9/2021,"1,161.97","1,160.96","1,166.42","1,150.94",641.43K,-0.54%
3/8/2021,"1,168.27","1,180.33","1,181.25","1,164.02",652.70K,-0.04%
3/5/2021,"1,168.69","1,164.19","1,169.56","1,155.60",594.84K,0.01%
3/4/2021,"1,168.52","1,191.78","1,191.90","1,159.48",673.45K,-1.55%
3/3/2021,"1,186.95","1,184.73","1,189.18","1,180.25",631.67K,0.03%
3/2/2021,"1,186.61","1,196.16","1,196.16","1,181.99",577.01K,0.04%
3/1/2021,"1,186.17","1,176.93","1,186.82","1,174.45",643.38K,1.51%
02/26/2021,"1,168.47","1,148.88","1,169.28","1,148.88",554.46K,0.26%
02/25/2021,"1,165.43","1,169.97","1,169.97","1,155.74",510.43K,0.29%
02/24/2021,"1,162.01","1,184.32","1,185.58","1,154.36",603.00K,-1.33%
02/23/2021,"1,177.64","1,174.57","1,184.32","1,168.32",598.27K,0.22%
02/22/2021,"1,175.04","1,173.57","1,182.67","1,169.12",630.04K,0.13%
02/19/2021,"1,173.50","1,160.65","1,178.18","1,157.60",578.28K,-0.07%
02/18/2021,"1,174.38","1,157.10","1,174.38","1,148.66",614.82K,1.61%
02/17/2021,"1,155.78","1,127.46","1,155.78","1,127.46",568.03K,3.66%
2/9/2021,"1,114.93","1,090.88","1,114.93","1,078.98",519.81K,2.93%
2/8/2021,"1,083.18","1,127.06","1,127.06","1,075.10",696.60K,-3.88%
2/5/2021,"1,126.91","1,114.79","1,126.91","1,112.19",529.87K,1.32%
2/4/2021,"1,112.19","1,112.97","1,117.88","1,098.85",523.41K,0.08%
2/3/2021,"1,111.29","1,084.87","1,113.24","1,082.95",703.18K,3.32%
2/2/2021,"1,075.53","1,036.95","1,075.53","1,029.36",602.62K,3.86%
2/1/2021,"1,035.51","1,056.61","1,074.52","1,035.51",634.33K,-2.00%
01/29/2021,"1,056.61",998.33,"1,076.11",998.33,797.39K,3.19%
01/28/2021,"1,023.94","1,041.71","1,052.16","1,022.77",767.87K,-6.67%
01/27/2021,"1,097.17","1,122.41","1,132.99","1,088.86",785.70K,-3.43%
01/26/2021,"1,136.12","1,164.97","1,164.97","1,121.03",782.27K,-2.57%
01/25/2021,"1,166.05","1,164.20","1,172.18","1,162.80",707.24K,-0.06%
01/22/2021,"1,166.78","1,166.77","1,175.72","1,161.43",758.32K,0.22%
01/21/2021,"1,164.21","1,146.86","1,164.21","1,132.66",721.92K,2.60%
01/20/2021,"1,134.68","1,136.50","1,142.48","1,098.05",839.30K,0.33%
01/19/2021,"1,131.00","1,189.91","1,189.91","1,117.17",986.19K,-5.11%
01/18/2021,"1,191.94","1,198.79","1,200.85","1,190.33",747.42K,-0.19%
01/15/2021,"1,194.20","1,188.84","1,197.74","1,188.84",783.11K,0.57%
01/14/2021,"1,187.40","1,189.48","1,190.50","1,178.84",779.34K,0.11%
01/13/2021,"1,186.05","1,197.32","1,200.82","1,183.18",819.29K,-0.52%
1/12/2021,"1,192.28","1,190.38","1,192.28","1,179.24",719.94K,0.62%
1/11/2021,"1,184.89","1,176.47","1,186.45","1,175.00",845.85K,1.47%
1/8/2021,"1,167.69","1,164.10","1,176.33","1,160.48",808.31K,0.97%
1/7/2021,"1,156.49","1,147.26","1,156.49","1,143.44",763.74K,1.16%
1/6/2021,"1,143.21","1,139.12","1,152.85","1,133.70",790.45K,0.94%
1/5/2021,"1,132.55","1,116.96","1,134.45","1,116.49",763.43K,1.08%
1/4/2021,"1,120.47","1,113.77","1,126.43","1,113.59",764.04K,1.50%
12/31/2020,"1,103.87","1,098.25","1,105.33","1,096.27",527.82K,0.58%
12/30/2020,"1,097.54","1,099.78","1,108.83","1,094.91",676.98K,-0.18%
12/29/2020,"1,099.49","1,090.49","1,102.79","1,087.93",678.82K,0.75%
12/28/2020,"1,091.33","1,094.37","1,096.11","1,083.90",723.88K,0.64%
12/25/2020,"1,084.42","1,068.83","1,084.42","1,061.83",652.81K,1.58%
12/24/2020,"1,067.52","1,083.83","1,084.76","1,046.89",757.32K,-1.05%
12/23/2020,"1,078.90","1,087.89","1,094.09","1,077.92",813.17K,-0.42%
12/22/2020,"1,083.45","1,081.85","1,084.23","1,077.06",756.11K,0.22%
12/21/2020,"1,081.08","1,071.62","1,081.60","1,070.86",713.66K,1.28%
12/18/2020,"1,067.46","1,055.75","1,068.56","1,055.75",623.64K,1.49%
12/17/2020,"1,051.77","1,065.85","1,065.85","1,051.42",667.89K,-1.43%
12/16/2020,"1,066.99","1,058.34","1,066.99","1,057.21",591.57K,1.11%
12/15/2020,"1,055.27","1,062.02","1,067.45","1,052.01",675.18K,-0.83%
12/14/2020,"1,064.09","1,048.97","1,064.09","1,048.97",583.59K,1.73%
12/11/2020,"1,045.96","1,033.19","1,045.96","1,030.06",463.77K,1.46%
12/10/2020,"1,030.91","1,041.65","1,044.10","1,030.91",626.45K,-0.79%
12/9/2020,"1,039.13","1,029.26","1,039.55","1,029.26",586.05K,0.96%
12/8/2020,"1,029.26","1,029.98","1,032.58","1,025.63",527.67K,-0.07%
12/7/2020,"1,029.98","1,024.34","1,030.41","1,022.14",520.34K,0.83%
12/4/2020,"1,021.49","1,019.80","1,025.17","1,018.67",553.59K,0.17%
12/3/2020,"1,019.80","1,016.73","1,020.35","1,014.06",518.91K,0.54%
12/2/2020,"1,014.32","1,008.77","1,015.86","1,007.91",684.53K,0.54%
12/1/2020,"1,008.87",988.71,"1,008.87",988.71,583.31K,0.58%
11/30/2020,"1,003.08","1,011.82","1,012.50","1,002.61",532.93K,-0.71%
11/27/2020,"1,010.22","1,006.68","1,010.22","1,004.00",446.44K,0.42%
11/26/2020,"1,005.97",999.24,"1,005.97",994.91,493.56K,0.60%
11/25/2020,999.94,"1,000.39","1,002.31",996.8,475.74K,0.42%
11/24/2020,995.76,996.55,997.99,984.92,550.07K,0.16%
11/23/2020,994.19,991.87,995.9,985.38,489.69K,0.42%
11/20/2020,990,984.71,990,980.72,501.05K,0.69%
11/19/2020,983.26,975.32,983.26,974.33,500.12K,1.00%
11/18/2020,973.53,969.48,974.3,966.32,478.68K,0.48%
11/17/2020,968.9,955.52,968.9,953.22,400.96K,1.90%
11/16/2020,950.79,970.11,972.98,950.5,518.93K,-1.60%
11/13/2020,966.29,959.56,966.29,959.13,457.83K,0.73%
11/12/2020,959.28,953.97,959.28,953.62,343.91K,0.74%
11/11/2020,952.22,954.46,956.65,947.61,376.51K,0.03%
11/10/2020,951.9,962.68,963.47,951.9,456.75K,-0.01%
11/9/2020,951.99,942.15,951.99,942.15,393.20K,1.46%
11/6/2020,938.29,939.73,941.2,934.63,268.23K,0.06%
11/5/2020,937.75,940.32,945.51,937.75,304.33K,-0.21%
11/4/2020,939.76,935.41,943.56,933.86,350.87K,0.47%
11/3/2020,935.41,936.73,937.57,932.18,318.70K,0.19%
11/2/2020,933.68,926.09,933.68,924.14,297.60K,0.89%
10/30/2020,925.47,925.41,926.32,911.2,312.75K,0.70%
10/29/2020,919.08,916.49,925.84,914.33,436.13K,-0.21%
10/28/2020,921.05,942.82,946.91,921.05,456.06K,-2.69%
10/27/2020,946.47,950.8,954.72,946.28,455.85K,-0.46%
10/26/2020,950.8,967.52,970.15,950.8,428.25K,-1.09%
10/23/2020,961.26,953.45,961.26,953.14,452.49K,1.20%
10/22/2020,949.9,938.06,949.9,933.78,365.12K,1.16%
10/21/2020,939.03,947.16,948.2,939,412.65K,-0.57%
10/20/2020,944.42,941,944.54,937.32,444.33K,0.08%
10/19/2020,943.69,945.01,946.29,941.92,389.47K,0.04%
10/16/2020,943.3,944.03,946.23,935.98,443.33K,0.06%
10/15/2020,942.76,945.28,945.93,938.7,470.51K,0.27%
10/14/2020,940.18,931.89,940.18,931.89,474.92K,1.11%
10/13/2020,929.86,926.76,930.96,923.78,359.02K,0.44%
10/12/2020,925.83,930.78,933.13,923.28,457.23K,0.20%
10/9/2020,924,919.48,924,917.7,388.13K,0.56%
10/8/2020,918.84,922.08,922.08,913.89,470.30K,-0.10%
10/7/2020,919.72,913.62,923.57,912.69,523.96K,0.44%
10/6/2020,915.67,918.11,918.93,912.77,496.13K,0.11%
10/5/2020,914.68,913.77,915.55,910.96,456.10K,0.52%
10/2/2020,909.91,914.09,916.67,897.72,527.16K,-0.46%
10/1/2020,914.09,910.13,914.09,909.13,352.45K,0.98%
09/30/2020,905.21,904.34,907,900.44,340.69K,0.14%
09/29/2020,903.98,916.63,917.49,903.98,465.36K,-0.93%
09/28/2020,912.5,911.2,913.6,910.04,420.24K,0.47%
09/25/2020,908.27,910.78,911.3,905.56,361.23K,-0.03%
09/24/2020,908.58,910.53,914.51,907.32,398.46K,-0.43%
09/23/2020,912.5,908.97,913.52,908.97,392.51K,0.70%
09/22/2020,906.19,905.9,909.69,902.47,401.41K,-0.19%
09/21/2020,907.94,904.5,909.78,904.5,403.44K,0.78%
09/18/2020,900.95,896.08,902.11,895.82,361.84K,0.77%
09/17/2020,894.04,897.47,899.41,890.93,395.46K,-0.38%
09/16/2020,897.47,897.43,897.58,894.63,290.43K,0.14%
09/15/2020,896.26,896.61,898.74,894.66,381.80K,0.19%
09/14/2020,894.57,891.89,895.31,891.89,364.43K,0.63%
9/11/2020,888.97,888.82,890.98,884.67,309.91K,0.02%
9/10/2020,888.82,895.29,896.78,888.82,387.24K,-0.06%
9/9/2020,889.32,883.68,892.4,881.57,318.44K,-0.09%
9/8/2020,890.14,891.61,894.58,884.88,294.02K,0.21%
9/7/2020,888.25,903.85,905.8,888.25,434.06K,-1.47%
9/4/2020,901.54,896.02,903.11,893.86,346.44K,-0.27%
9/3/2020,903.97,898.25,904.32,896.26,370.49K,1.37%
9/1/2020,891.73,882.4,892.51,880.79,317.00K,1.14%
08/31/2020,881.65,882.13,888.44,879.26,352.65K,0.30%
08/28/2020,878.98,878.79,885.86,877.7,398.32K,0.49%
08/27/2020,874.71,872.38,875.71,871.93,325.72K,0.14%
08/26/2020,873.47,873.62,876.97,871.78,352.38K,-0.07%
08/25/2020,874.12,870.92,877.57,870.92,399.07K,0.63%
08/24/2020,868.68,860.35,868.68,860.35,381.52K,1.63%
08/21/2020,854.78,849.99,856.45,849.69,286.82K,0.77%
08/20/2020,848.21,851.21,856.99,847.44,285.69K,-0.35%
08/19/2020,851.21,847.19,853.15,846.22,240.15K,0.56%
08/18/2020,846.43,850.15,851.06,845,227.51K,-0.44%
08/17/2020,850.15,848.08,852.05,841.62,237.51K,-0.07%
08/14/2020,850.74,854.29,860.32,848.38,304.71K,-0.50%
08/13/2020,855.05,849.96,855.19,849.86,256.25K,0.96%
8/12/2020,846.92,844.19,848.54,842.88,272.49K,0.46%
8/11/2020,843.08,847.61,847.61,840.35,249.00K,-0.01%
8/10/2020,843.2,845.11,849.52,843.2,309.30K,0.21%
8/7/2020,841.46,840.65,844.33,836.84,259.89K,0.17%
8/6/2020,840.04,838.01,844.16,833.56,257.02K,0.27%
8/5/2020,837.8,827.54,839.52,820.74,306.64K,1.24%
8/4/2020,827.57,822.86,827.57,820.2,277.45K,1.59%
8/3/2020,814.65,796.86,814.84,796.47,298.14K,2.04%
07/31/2020,798.39,787.78,803.55,786.98,249.63K,-0.34%
07/30/2020,801.13,796.22,802.97,794.88,188.95K,1.30%
07/29/2020,790.84,800.39,800.39,779.82,362.09K,-2.77%
07/28/2020,813.36,786.72,814.4,786.67,328.49K,3.59%
07/27/2020,785.17,794.14,808.74,780.64,422.71K,-5.31%
07/24/2020,829.16,854.23,854.57,816.65,505.10K,-3.22%
07/23/2020,856.75,854.92,857.22,851.97,240.50K,0.20%
07/22/2020,855.08,862.8,864,854.97,278.60K,-0.77%
07/21/2020,861.69,863.94,864.7,856.94,245.41K,0.03%
07/20/2020,861.4,870.66,871.64,861.4,285.08K,-1.22%
07/17/2020,872.02,873.48,875.07,871.89,270.68K,-0.55%
07/16/2020,876.83,871.81,876.83,869.25,243.47K,0.80%
07/15/2020,869.91,872.8,876.69,869.91,258.29K,0.21%
07/14/2020,868.11,865.01,868.11,860.28,239.14K,-0.07%
07/13/2020,868.72,874.85,876.83,866.99,246.07K,-0.29%
7/10/2020,871.21,873.7,878.53,867.59,291.11K,-0.60%
7/9/2020,876.46,867.66,878.36,867.45,306.08K,1.38%
7/8/2020,864.5,861.75,865.58,859.98,237.54K,0.13%
7/7/2020,863.42,865.46,870.63,863.42,330.90K,0.26%
7/6/2020,861.16,851.47,861.85,850.04,215.09K,1.60%
7/3/2020,847.61,845.26,848.16,843.25,203.00K,0.62%
7/2/2020,842.38,845.66,845.66,838.48,223.80K,-0.13%
7/1/2020,843.49,827.67,844.26,826.38,303.55K,2.23%
06/30/2020,825.11,836.72,840.31,821.92,358.39K,-0.51%
06/29/2020,829.36,846.26,846.53,826,389.64K,-2.65%
06/26/2020,851.98,859.07,862.59,850.66,300.39K,-0.31%
06/25/2020,854.59,851.09,856.23,849.65,312.30K,-0.60%
06/24/2020,859.71,868.2,873.13,857.58,370.92K,-0.98%
06/23/2020,868.2,871.12,873.2,864.02,455.36K,-0.35%
06/22/2020,871.28,871.56,872.94,867.37,350.37K,0.31%
06/19/2020,868.56,857.77,868.56,857.77,440.09K,1.55%
06/18/2020,855.27,850.92,858.03,847.49,280.31K,0.10%
06/17/2020,854.44,861.05,861.05,852.27,354.84K,-0.20%
06/16/2020,856.13,848.86,858.7,844.67,412.45K,2.84%
06/15/2020,832.47,867.52,868.16,832.47,708.24K,-3.60%
6/12/2020,863.52,841.85,863.52,841.44,620.77K,-0.44%
6/11/2020,867.37,900.48,903.7,867.37,707.46K,-3.63%
6/10/2020,900,898.78,902.69,890.3,542.87K,0.06%
6/9/2020,899.43,902.26,904.89,898.87,501.73K,-0.05%
6/8/2020,899.92,888.7,905.65,888.7,572.02K,1.55%
6/5/2020,886.22,883.4,886.59,878.5,499.61K,0.26%
6/4/2020,883.9,883.22,888.32,883.22,431.12K,0.31%
6/3/2020,881.17,876.73,881.17,874.01,351.96K,0.73%
6/2/2020,874.8,879.23,882.73,874.53,484.71K,-0.44%
6/1/2020,878.67,868.97,878.67,868.97,476.52K,1.64%
05/29/2020,864.47,861.59,866.95,859.26,318.19K,0.36%
05/28/2020,861.39,858.97,866.17,856.48,322.22K,0.46%
05/27/2020,857.48,869.13,875.35,857.48,388.90K,-1.34%
05/26/2020,869.13,861.47,869.65,860.22,328.35K,1.17%
05/25/2020,859.04,852.9,860.45,849.12,307.23K,0.74%
05/22/2020,852.74,859.29,860.65,852.08,303.98K,-1.16%
05/21/2020,862.73,854.93,862.73,854.04,331.91K,1.15%
05/20/2020,852.91,843.26,852.91,842.21,265.77K,0.83%
05/19/2020,845.92,852.14,854.25,844.15,385.27K,1.06%
05/18/2020,837.01,827.49,837.61,823.08,254.05K,1.21%
05/15/2020,827.03,835.42,838.47,824.59,301.89K,-0.65%
05/14/2020,832.4,830.97,836.19,826.17,341.12K,-0.22%
05/13/2020,834.21,835.32,839.59,815.13,374.60K,-0.13%
5/12/2020,835.32,827.29,835.95,819.66,322.21K,0.84%
5/11/2020,828.33,818.26,828.33,812.48,353.42K,1.79%
5/8/2020,813.73,800.32,825.72,800.2,371.34K,2.16%
5/7/2020,796.54,785.08,796.54,785.08,240.80K,1.78%
5/6/2020,782.59,767.3,782.59,765.37,272.45K,2.41%
5/5/2020,764.16,763.22,767.03,760.04,212.38K,0.22%
5/4/2020,762.47,766.14,769.73,761.64,285.57K,-0.86%
04/29/2020,769.11,768.59,772.62,768.19,250.08K,0.25%
04/28/2020,767.21,773.31,776.13,763.66,219.40K,-0.46%
04/27/2020,770.77,780.65,785.74,770.77,307.36K,-0.76%
04/24/2020,776.66,777.28,778.3,767.31,262.27K,0.36%
04/23/2020,773.91,768.92,785.6,768.92,205.80K,0.65%
04/22/2020,768.92,752.8,774.94,749.97,253.44K,0.27%
04/21/2020,766.84,794.97,794.97,761.96,397.40K,-3.54%
04/20/2020,794.97,796.17,797.49,786.73,336.05K,0.68%
04/17/2020,789.6,786.96,790.95,783.74,309.86K,1.14%
04/16/2020,780.7,773.11,781.06,770.91,250.94K,0.45%
04/15/2020,777.22,768.05,779.52,768.01,302.62K,1.28%
04/14/2020,767.41,769.01,769.53,753.85,266.78K,0.21%
04/13/2020,765.79,762.99,774.62,762.53,235.28K,1.04%
4/10/2020,757.94,759.08,764.36,751.59,338.40K,-0.31%
4/9/2020,760.33,751.08,765.87,751.08,298.47K,1.65%
4/8/2020,748.02,740.03,748.36,730.12,252.29K,0.18%
4/7/2020,746.69,744.97,749.13,730.28,292.97K,1.35%
4/6/2020,736.75,716.22,736.75,715.39,334.90K,4.98%
4/3/2020,701.8,687.92,701.8,687.92,233.09K,3.17%
4/1/2020,680.23,658.8,684.96,657.41,267.02K,2.67%
03/31/2020,662.53,669.74,678.64,649.1,262.79K,0.04%
03/30/2020,662.26,663.91,665.56,657.36,233.10K,-4.86%
03/27/2020,696.06,692.54,703.22,682.52,327.99K,0.27%
03/26/2020,694.21,689,700.76,680.1,221.85K,0.57%
03/25/2020,690.25,669.76,690.25,667.58,270.18K,4.71%
03/24/2020,659.21,666.59,666.59,652.27,245.15K,-1.11%
03/23/2020,666.59,694.77,694.77,664.23,280.25K,-6.08%
03/20/2020,709.73,728.55,729.35,709.73,230.59K,-2.23%
03/19/2020,725.94,732.35,733.43,714.02,353.39K,-2.91%
03/18/2020,747.66,747.4,752.65,742.12,259.02K,0.25%
03/17/2020,745.78,724.07,750.03,721.84,287.28K,-0.28%
03/16/2020,747.86,758.28,758.59,737.58,292.25K,-1.83%
03/13/2020,761.78,750.56,764.69,723.42,354.71K,-0.97%
3/12/2020,769.25,778.06,778.06,762.12,339.23K,-5.19%
3/11/2020,811.35,843.52,844.94,794.54,318.57K,-3.12%
3/10/2020,837.5,813.83,843.28,806.63,298.02K,0.24%
3/9/2020,835.49,875.8,875.8,834.67,309.10K,-6.28%
3/6/2020,891.44,888.96,891.44,882.71,214.34K,-0.21%
3/5/2020,893.31,892.71,898.43,891.2,231.34K,0.44%
3/4/2020,889.37,887.85,889.85,882.83,238.45K,-0.14%
3/3/2020,890.61,895.39,896.39,890.06,212.74K,0.70%
3/2/2020,884.43,878.43,886.45,877.31,206.64K,0.25%
02/28/2020,882.19,885.47,887.07,872.46,241.89K,-1.81%
02/27/2020,898.44,892.15,899.34,889.14,163.29K,0.28%
02/26/2020,895.97,901.51,903.27,894.25,142.58K,-1.51%
02/25/2020,909.67,893.95,909.67,893.95,221.12K,0.70%
02/24/2020,903.34,917.49,917.49,903.34,291.88K,-3.19%
02/21/2020,933.09,938.13,940.53,932.32,206.75K,-0.54%
02/20/2020,938.13,933.69,938.13,930.41,198.34K,1.01%
02/19/2020,928.76,926.41,931.66,925.86,192.17K,0.09%
02/18/2020,927.93,934.47,934.98,926.01,187.76K,-0.73%
02/17/2020,934.77,938.52,938.52,931.66,183.25K,-0.29%
02/14/2020,937.45,939.28,940.65,936.47,204.35K,-0.08%
02/13/2020,938.24,937.19,939.1,934.47,177.73K,0.06%
2/12/2020,937.68,940.72,943.11,937.34,228.04K,0.32%
2/11/2020,934.67,930.73,936.04,930.73,179.35K,0.42%
2/10/2020,930.73,934.38,935.87,926.61,153.97K,-1.07%
2/7/2020,940.75,938.61,943.48,935.94,194.17K,0.24%
2/6/2020,938.54,926.66,938.54,925.21,223.67K,1.36%
2/5/2020,925.91,934.75,936.33,921.89,197.38K,-0.34%
2/4/2020,929.09,929.42,934.91,919.33,197.69K,0.10%
2/3/2020,928.14,916.6,930.37,891.85,275.52K,-0.91%
01/31/2020,936.62,959.58,960.96,936.62,253.95K,-2.39%
01/30/2020,959.58,975.15,977.72,954,198.51K,-3.22%
01/22/2020,991.46,986.52,991.46,983.92,152.35K,0.52%
01/21/2020,986.37,978.82,986.37,978.82,157.67K,0.79%
01/20/2020,978.63,978.23,979.85,975.93,148.80K,-0.03%
01/17/2020,978.96,976.28,980.02,973.79,164.14K,0.48%
01/16/2020,974.31,967.2,974.7,967.17,201.25K,0.70%
01/15/2020,967.56,967.69,967.69,964.84,150.04K,0.06%
01/14/2020,967,966.26,968.85,965.76,190.35K,0.12%
01/13/2020,965.84,966.89,968.63,964.79,147.15K,-0.28%
1/10/2020,968.54,961.17,969.71,961.17,222.16K,0.87%
1/9/2020,960.15,953.86,960.73,952.16,166.15K,1.18%
1/8/2020,948.98,954.13,955.84,945.28,319.17K,-1.03%
1/7/2020,958.88,955.79,959.46,953.19,181.63K,0.32%
1/6/2020,955.79,962.79,963.2,955.59,187.20K,-0.97%
1/3/2020,965.14,968.72,970.88,965.14,174.13K,-0.16%
1/2/2020,966.67,960.26,966.67,959.67,200.60K,0.59%
12/31/2019,960.99,965.71,965.71,958.22,185.24K,-0.42%
12/30/2019,965.03,962.89,967.52,962.47,177.74K,0.16%
12/27/2019,963.51,957.7,963.51,954.19,180.52K,0.51%
12/26/2019,958.59,960.67,962.11,957.43,265.94K,-0.24%
12/25/2019,960.92,958.18,962.83,957.5,238.32K,0.21%
12/24/2019,958.88,959.43,959.43,953.29,229.67K,-0.06%
12/23/2019,959.43,959.55,960.71,958.07,241.52K,0.32%
12/20/2019,956.41,953.55,957.52,952.71,243.33K,0.44%
12/19/2019,952.26,950.61,955.85,946.74,222.47K,0.12%
12/18/2019,951.13,951.52,954.18,949.86,323.41K,-0.30%
12/17/2019,954.03,962.49,962.79,954.03,280.85K,-0.77%
12/16/2019,961.47,966,966,960.39,278.44K,-0.49%
12/13/2019,966.18,969.43,971.84,965.93,219.16K,-0.21%
12/12/2019,968.17,963.39,968.39,962.72,218.75K,0.66%
12/11/2019,961.78,960.59,961.78,954.56,216.48K,0.15%
12/10/2019,960.3,965.92,966.58,955.14,242.73K,-0.60%
12/9/2019,966.06,963.91,967.57,962.59,273.26K,0.26%
12/6/2019,963.56,962.38,965.41,960.99,171.82K,0.03%
12/5/2019,963.27,969,969.53,962.16,194.54K,-0.27%
12/4/2019,965.9,952.51,965.9,950.13,210.10K,1.31%
12/3/2019,953.43,957.4,960.82,950.96,264.94K,-0.61%
12/2/2019,959.31,971.42,972.91,958.3,211.00K,-1.18%
11/29/2019,970.75,971.1,972.89,968.03,167.27K,0.04%
11/28/2019,970.39,977.66,979.17,967.68,191.26K,-0.80%
11/27/2019,978.17,978.98,982.76,978.17,197.96K,0.14%
11/26/2019,976.79,976.35,981.96,976.35,192.50K,0.05%
11/25/2019,976.35,977.85,979.6,971.24,189.32K,-0.15%
11/22/2019,977.78,992.73,993.7,971.03,230.36K,-1.02%
11/21/2019,987.89,999.37,999.63,987.89,215.01K,-1.27%
11/20/2019,"1,000.56","1,009.21","1,009.21","1,000.56",210.31K,-0.77%
11/19/2019,"1,008.35","1,002.89","1,008.35","1,001.35",232.36K,0.54%
11/18/2019,"1,002.91","1,010.03","1,012.09","1,002.63",184.31K,-0.70%
11/15/2019,"1,010.03","1,012.93","1,015.16","1,005.10",212.33K,-0.22%
11/14/2019,"1,012.30","1,013.85","1,016.71","1,010.60",209.40K,-0.05%
11/13/2019,"1,012.77","1,019.07","1,020.09","1,010.80",286.97K,-0.55%
11/12/2019,"1,018.33","1,016.97","1,021.84","1,015.97",223.16K,0.16%
11/11/2019,"1,016.75","1,023.32","1,024.77","1,016.35",210.43K,-0.56%
11/8/2019,"1,022.49","1,026.98","1,027.39","1,021.11",181.37K,-0.15%
11/7/2019,"1,024.03","1,023.49","1,028.45","1,022.61",193.39K,-0.09%
11/6/2019,"1,024.91","1,023.43","1,028.97","1,023.42",225.00K,0.06%
11/5/2019,"1,024.34","1,022.77","1,026.53","1,021.63",199.37K,0.19%
11/4/2019,"1,022.43","1,019.00","1,023.92","1,015.86",232.79K,0.67%
11/1/2019,"1,015.59",998.82,"1,015.88",998.82,241.34K,1.68%
10/31/2019,998.82,"1,000.89","1,004.40",998.58,218.98K,-0.21%
10/30/2019,"1,000.89",996.83,"1,003.40",994.86,181.19K,0.50%
10/29/2019,995.87,997.77,999.88,995.87,249.48K,-0.06%
10/28/2019,996.48,998.27,999.94,996.48,183.76K,-0.01%
10/25/2019,996.57,993.91,996.67,992.91,173.49K,0.30%
10/24/2019,993.6,988.85,993.6,987.65,160.03K,0.59%
10/23/2019,987.79,987.04,989.61,985.52,179.02K,0.06%
10/22/2019,987.19,983.52,987.59,983.52,231.65K,0.37%
10/21/2019,983.56,988.18,988.82,983.56,200.33K,-0.57%
10/18/2019,989.2,992,993.03,988.41,174.42K,-0.06%
10/17/2019,989.82,995.04,995.81,989.82,191.55K,-0.47%
10/16/2019,994.46,995.75,997.41,993.42,188.13K,0.14%
10/15/2019,993.05,993.55,994.75,990.74,179.97K,-0.05%
10/14/2019,993.57,994.61,997.25,992.5,193.98K,0.17%
10/11/2019,991.84,988.57,991.84,987.62,168.61K,0.45%
10/10/2019,987.38,988.81,990.89,986.93,182.98K,-0.05%
10/9/2019,987.83,987.82,992,986.74,182.54K,-0.04%
10/8/2019,988.22,983.62,988.51,981.89,178.38K,0.52%
10/7/2019,983.09,989.45,990.34,983.09,178.90K,-0.46%
10/4/2019,987.59,993.69,994.81,987.59,205.01K,-0.21%
10/3/2019,989.67,985.65,992.45,983.35,140.12K,-0.15%
10/2/2019,991.19,999.18,"1,000.93",989.63,178.78K,-0.84%
10/1/2019,999.59,997.87,999.72,996.2,210.25K,0.30%
09/30/2019,996.56,999.92,"1,004.17",996.51,176.22K,-0.13%
09/27/2019,997.84,992.26,998.34,991.5,180.74K,0.72%
09/26/2019,990.75,988.7,991.66,986.35,152.56K,0.35%
09/25/2019,987.3,985.96,989.18,983.06,171.57K,-0.08%
09/24/2019,988.13,986.33,991.36,984.94,165.04K,0.24%
09/23/2019,985.75,991.75,993.98,985.75,207.51K,-0.47%
09/20/2019,990.36,997.6,998.56,990.36,203.60K,-0.68%
09/19/2019,997.1,995.49,997.2,990.55,186.92K,0.20%
09/18/2019,995.15,995.75,998.4,993.94,191.04K,-0.16%
09/17/2019,996.74,990.06,996.74,986.96,231.44K,0.70%
09/16/2019,989.86,987.07,992.6,986.72,187.15K,0.27%
09/13/2019,987.22,976.07,987.22,975.95,189.23K,1.14%
9/12/2019,976.07,972.39,976.07,972.31,141.32K,0.70%
9/11/2019,969.31,969.59,973.13,967.14,154.51K,-0.10%
9/10/2019,970.26,974.62,977.44,968.36,161.45K,-0.40%
9/9/2019,974.12,974.53,975.03,972.47,155.33K,0.00%
9/6/2019,974.08,977.83,978.73,973.87,161.16K,-0.28%
9/5/2019,976.79,979.83,981.67,976.79,159.54K,-0.09%
9/4/2019,977.63,977.97,979.91,973.37,157.39K,-0.18%
9/3/2019,979.36,984.79,985.21,978.62,186.48K,-0.48%
08/30/2019,984.06,980.25,984.87,980.25,143.16K,0.56%
08/29/2019,978.59,978.17,978.78,973.34,138.39K,0.14%
08/28/2019,977.26,977.1,981.35,977.1,147.21K,0.05%
08/27/2019,976.79,986.33,988.49,976.79,199.81K,-0.62%
08/26/2019,982.88,983.8,984.61,977,189.79K,-0.96%
08/23/2019,992.45,998.21,998.21,990.83,162.57K,-0.48%
08/22/2019,997.26,996.41,998.67,993.23,153.00K,0.29%
08/21/2019,994.38,984.36,995.44,983.3,201.56K,0.99%
08/20/2019,984.67,983.94,985.35,981.75,177.94K,0.37%
08/19/2019,981.03,984.04,985.48,979.17,158.09K,0.11%
08/16/2019,980,974.88,985.61,974.88,198.01K,0.06%
08/15/2019,979.38,958.05,979.38,955.76,182.91K,1.08%
08/14/2019,968.91,975.88,975.99,968.91,151.49K,0.22%
08/13/2019,966.83,972.7,973.09,964.03,181.50K,-0.87%
8/12/2019,975.31,975.38,977.63,973.22,174.55K,0.10%
8/9/2019,974.34,976.41,978.69,974.33,192.31K,-0.09%
8/8/2019,975.24,965.93,975.83,964.21,219.24K,0.96%
8/7/2019,965.93,967.18,971.96,961.64,219.15K,0.14%
8/6/2019,964.61,960.29,966.15,958.39,210.93K,-0.88%
8/5/2019,973.15,988.6,988.99,973.15,195.93K,-1.81%
8/2/2019,991.1,987.55,991.39,985.69,186.79K,-0.63%
8/1/2019,997.39,993.25,997.39,990.88,222.66K,0.58%
07/31/2019,991.66,986,993.4,982.64,172.88K,0.57%
07/30/2019,986.02,"1,001.46","1,002.77",986.02,154.32K,-1.19%
07/29/2019,997.94,994.23,997.94,988.29,147.83K,0.46%
07/26/2019,993.35,994.8,998.52,992.97,152.41K,-0.16%
07/25/2019,994.95,986.85,997.49,986.85,171.79K,0.66%
07/24/2019,988.41,993.01,994.85,986.34,169.64K,-0.11%
07/23/2019,989.46,981.38,990.45,980.22,184.83K,0.76%
07/22/2019,982.04,981.17,985.13,980.08,164.37K,-0.03%
07/19/2019,982.34,978.12,986.12,978.12,170.27K,0.64%
07/18/2019,976.05,979.16,979.49,975.01,139.85K,-0.66%
07/17/2019,982.57,981.49,985.59,979.05,170.02K,0.05%
07/16/2019,982.11,975.05,982.11,975.05,174.67K,0.99%
07/15/2019,972.53,975.57,975.66,970.93,150.55K,-0.29%
7/12/2019,975.4,980.11,982.1,974.32,157.31K,-0.33%
7/11/2019,978.63,976.95,980.02,975.03,161.66K,0.51%
7/10/2019,973.65,971.19,974.96,971.19,154.56K,0.47%
7/9/2019,969.05,965.24,969.05,963.05,169.48K,0.28%
7/8/2019,966.35,972.83,972.83,963.84,165.88K,-0.92%
7/5/2019,975.34,973.04,975.34,970.16,137.92K,0.24%
7/4/2019,973.04,961.78,973.04,961.65,189.90K,1.32%
7/3/2019,960.39,960.44,961.67,956.91,136.59K,-0.17%
7/2/2019,961.98,964.77,966.76,959.8,138.22K,-0.38%
7/1/2019,965.61,958.92,965.61,957.66,166.45K,1.65%
06/28/2019,949.94,944.53,949.94,939.12,182.63K,0.72%
06/27/2019,943.11,959.48,959.48,943.11,159.03K,-1.67%
06/26/2019,959.13,960.13,962.7,958.38,252.32K,-0.10%
06/25/2019,960.13,961.19,963.23,960.06,164.35K,-0.28%
06/24/2019,962.85,960.29,967.11,959.8,150.30K,0.38%
06/21/2019,959.2,962.69,964.52,959.12,206.14K,0.00%
06/20/2019,959.18,949.48,962.33,948.97,185.49K,1.00%
06/19/2019,949.69,948.92,950.04,946.83,147.36K,0.60%
06/18/2019,944.01,945.73,947.3,938.95,166.94K,-0.31%
06/17/2019,946.95,953.97,955.18,944.47,174.37K,-0.70%
06/14/2019,953.61,948.65,954.7,948.65,155.88K,0.37%
06/13/2019,950.08,951.26,952.06,946.29,142.81K,-0.43%
6/12/2019,954.17,960.6,960.6,953.83,138.11K,-0.82%
6/11/2019,962.07,962.43,964.81,959.98,136.38K,-0.09%
6/10/2019,962.9,963.78,966.9,958.6,154.90K,0.48%
6/7/2019,958.28,951.64,958.28,950.94,148.04K,1.06%
6/6/2019,948.21,951.41,951.41,939.35,125.90K,-0.34%
6/5/2019,951.41,955.8,958.39,951.39,131.58K,0.03%
6/4/2019,951.16,945.62,951.42,943.21,162.40K,0.50%
6/3/2019,946.47,953.58,955.78,940.28,184.66K,-1.40%
05/31/2019,959.88,968.53,969.94,959.88,136.53K,-0.98%
05/30/2019,969.34,971.01,974.56,967.21,159.99K,-0.23%
05/29/2019,971.54,973.31,974.96,969.55,145.31K,-0.05%
05/28/2019,972,977.02,978.8,969.51,148.99K,-0.32%
05/27/2019,975.14,970.73,975.4,970.41,138.47K,0.53%
05/24/2019,970.03,976.59,983.14,970.03,168.34K,-1.29%
05/23/2019,982.71,982,984.57,977.17,160.09K,-0.11%
05/22/2019,983.78,986.66,992.26,982.68,174.96K,-0.25%
05/21/2019,986.29,989.67,992.84,986.07,206.56K,-0.09%
05/20/2019,987.13,975.95,987.13,974.47,153.16K,1.09%
05/17/2019,976.48,977.85,980.04,974.91,135.09K,0.08%
05/16/2019,975.69,976.96,981.22,975.69,170.22K,0.01%
05/15/2019,975.64,967.95,977.65,967.95,188.85K,1.07%
05/14/2019,965.34,952.13,965.34,952.13,158.18K,0.71%
05/13/2019,958.54,952.11,958.54,951.76,232.04K,0.63%
5/10/2019,952.55,950.37,953.92,947.85,131.03K,0.58%
5/9/2019,947.01,950.66,953.66,944.91,181.40K,-0.44%
5/8/2019,951.22,950.1,953.88,947.86,143.30K,-0.66%
5/7/2019,957.56,961.31,965.61,955.42,145.34K,-0.04%
5/6/2019,957.97,964.37,964.89,955.41,155.65K,-1.66%
5/3/2019,974.14,976.77,977.13,971.75,148.57K,-0.45%
5/2/2019,978.5,978.81,979.93,975.51,152.16K,-0.12%
04/26/2019,979.64,972.86,979.64,970.73,118.54K,0.57%
04/25/2019,974.13,976.46,976.46,971.92,149.12K,-0.29%
04/24/2019,976.92,969.66,978.71,969.66,134.07K,0.92%
04/23/2019,968,964.84,970.98,964.35,154.89K,0.22%
04/22/2019,965.86,963.78,966.69,959.33,216.34K,-0.04%
04/19/2019,966.21,968.27,971.73,965.46,106.98K,0.41%
04/18/2019,962.3,969.5,973.73,962.05,160.39K,-1.01%
04/17/2019,972.1,977.17,980.71,972.1,186.72K,-0.52%
04/16/2019,977.17,970.87,978.53,963.06,150.02K,-0.58%
4/12/2019,982.9,984.66,984.69,980.26,153.83K,-0.31%
4/11/2019,985.95,984.46,985.95,981.06,129.48K,0.41%
4/10/2019,981.91,984.79,987.27,976.83,159.91K,-0.66%
4/9/2019,988.48,999.89,"1,000.02",987.82,165.18K,-0.91%
4/8/2019,997.56,989.26,997.56,989.26,163.69K,0.84%
4/5/2019,989.26,986.91,990.38,986.39,189.29K,0.24%
4/4/2019,986.91,987.47,989.08,982.94,165.31K,0.25%
4/3/2019,984.46,984.74,985.26,980.3,216.94K,-0.14%
4/2/2019,985.81,994.87,996.41,985.48,236.02K,-0.28%
4/1/2019,988.53,980.76,988.53,980.76,188.62K,0.79%
03/29/2019,980.76,985.35,988.24,980.76,173.91K,-0.23%
03/28/2019,982.98,973.44,983.18,972.6,217.07K,0.72%
03/27/2019,975.91,976.67,979.32,972.25,159.94K,0.63%
03/26/2019,969.79,970.07,978.99,966.9,175.42K,-0.03%
03/25/2019,970.07,976.53,976.53,964.76,245.78K,-1.89%
03/22/2019,988.71,984.9,990.07,981.3,206.93K,0.71%
03/21/2019,981.78,"1,005.12","1,006.37",981.78,200.03K,-2.05%
03/20/2019,"1,002.30","1,002.86","1,003.25",992.02,300.09K,-0.43%
03/19/2019,"1,006.59","1,013.75","1,014.51","1,004.22",236.59K,-0.52%
03/18/2019,"1,011.86","1,004.12","1,013.29","1,004.12",230.55K,0.77%
03/15/2019,"1,004.12","1,008.44","1,008.44","1,001.10",250.28K,-0.43%
03/14/2019,"1,008.44","1,006.37","1,011.39","1,002.09",224.54K,0.30%
03/13/2019,"1,005.41","1,003.75","1,009.77","1,003.01",229.38K,0.41%
3/12/2019,"1,001.32",991.14,"1,001.32",990.46,208.19K,1.70%
3/11/2019,984.6,982.94,987.11,981.34,178.66K,-0.07%
3/8/2019,985.25,987.89,991.98,984.48,202.51K,-0.88%
3/7/2019,994.03,995.65,"1,004.55",994.03,210.70K,-0.05%
3/6/2019,994.49,993.01,994.49,985.51,250.93K,0.21%
3/5/2019,992.45,990.08,"1,000.25",987.92,297.44K,-0.15%
3/4/2019,993.99,983.5,994.46,983.33,235.64K,1.47%
3/1/2019,979.63,971.05,980.82,970.54,170.04K,1.47%
02/28/2019,965.47,989.84,990.25,965.47,224.81K,-2.50%
02/27/2019,990.27,989.61,994.46,988.09,258.93K,0.33%
02/26/2019,987.06,991.63,996.44,979.24,251.65K,-0.74%
02/25/2019,994.43,996.06,999.9,992.72,227.74K,0.56%
02/22/2019,988.91,983.99,993.16,982.86,215.63K,0.14%
02/21/2019,987.57,972.82,987.57,970.31,178.58K,1.75%
02/20/2019,970.58,963.29,972.75,963.29,170.88K,0.65%
02/19/2019,964.35,962.84,971.92,962.81,231.96K,0.32%
02/18/2019,961.3,954.85,961.3,953.32,194.65K,1.09%
02/15/2019,950.89,951.9,955.4,948.26,160.69K,-0.15%
02/14/2019,952.34,946.54,953.66,945.99,181.06K,0.75%
02/13/2019,945.25,937.61,945.25,937.34,215.28K,0.82%
2/12/2019,937.54,930.37,938.64,926.98,188.42K,1.24%
2/11/2019,926.1,916.21,926.1,916.07,124.64K,1.92%
2/1/2019,908.67,911.98,912.81,907.52,140.80K,-0.22%
01/31/2019,910.65,919.12,920.36,910.38,138.05K,-0.57%
01/30/2019,915.84,914.08,917.8,913.48,139.40K,-0.01%
01/29/2019,915.93,913.67,915.93,907.09,121.44K,0.41%
01/28/2019,912.18,912.53,913.43,908.9,133.32K,0.36%
01/25/2019,908.88,908.86,911.59,907.96,117.59K,0.01%
01/24/2019,908.79,908.56,910.59,906.59,110.29K,0.07%
01/23/2019,908.18,905.73,910.12,905.12,129.14K,0.18%
01/22/2019,906.55,912.73,913.37,906.55,152.16K,-0.49%
01/21/2019,911.05,905.25,911.74,903.09,165.63K,0.97%
01/18/2019,902.3,902.7,906.35,900.64,140.75K,0.05%
01/17/2019,901.89,908.48,909.06,901.89,133.89K,-0.75%
01/16/2019,908.7,911.32,912.48,906.39,164.29K,-0.11%
01/15/2019,909.68,901.21,909.68,898.92,127.19K,0.87%
01/14/2019,901.8,903.83,903.83,897.18,143.85K,-0.10%
1/11/2019,902.71,899.1,904.37,899.1,131.41K,0.49%
1/10/2019,898.3,897.85,899.47,895.17,130.59K,0.15%
1/9/2019,896.99,890.26,897.25,888.61,160.51K,1.08%
1/8/2019,887.44,891.37,891.87,883.67,112.83K,-0.25%
1/7/2019,889.64,890.47,896.63,885.3,127.55K,0.99%
1/4/2019,880.9,872.69,881.48,861.85,136.57K,0.31%
1/3/2019,878.22,889.78,892.21,872.12,156.58K,-1.52%
1/2/2019,891.75,900.1,900.1,891.1,111.52K,-0.09%
12/28/2018,892.54,903.79,903.79,892.54,175.94K,-0.92%
12/27/2018,900.81,904.8,906.63,900.81,151.69K,1.02%
12/26/2018,891.75,896.63,899.49,890.86,139.07K,-0.69%
12/25/2018,897.94,893.71,897.94,882.17,250.43K,-1.17%
12/24/2018,908.56,910.86,916.41,908.56,158.97K,-0.41%
12/21/2018,912.26,911.57,915.02,907.88,199.11K,-0.65%
12/20/2018,918.24,915.5,921.79,914.18,146.89K,-0.11%
12/19/2018,919.24,926.35,927.03,914.55,186.09K,-0.86%
12/18/2018,927.25,933.65,933.65,917.03,175.72K,-0.69%
12/17/2018,933.65,948.09,948.09,933.65,255.17K,-1.93%
12/14/2018,952.04,958.78,960.09,951.04,200.32K,-0.85%
12/13/2018,960.25,961.28,966.83,960.1,171.86K,-0.11%
12/12/2018,961.28,956.32,961.28,956,222.07K,0.70%
12/11/2018,954.58,955.93,957.97,949.34,180.82K,-0.14%
12/10/2018,955.89,955.06,958.25,951.5,213.52K,-0.28%
12/7/2018,958.59,956.49,962.39,955.96,190.46K,0.39%
12/6/2018,954.82,957.14,959.59,948.44,179.14K,-0.24%
12/5/2018,957.14,950.34,960.87,946.97,212.46K,-0.18%
12/4/2018,958.84,952.97,960.44,950.89,227.42K,0.76%
12/3/2018,951.59,937.7,951.59,937.1,209.83K,2.70%
11/30/2018,926.54,924.49,928.92,921.08,158.59K,-0.03%
11/29/2018,926.79,934.88,937.75,926.79,131.82K,-0.37%
11/28/2018,930.2,923.12,930.2,922.03,136.36K,0.77%
11/27/2018,923.12,925.12,930.37,921.26,152.64K,0.23%
11/26/2018,921.03,915.67,921.96,914.43,118.73K,0.33%
11/23/2018,917.97,923.91,925.84,916.87,137.97K,-0.70%
11/22/2018,924.42,924.93,926.15,922.02,155.62K,0.20%
11/21/2018,922.56,909.83,922.56,907.47,152.76K,0.39%
11/20/2018,919.02,909.76,919.02,909.76,159.14K,0.32%
11/19/2018,916.06,902.65,916.06,900.61,149.94K,1.99%
11/16/2018,898.19,901.44,903.21,894.14,160.63K,0.12%
11/15/2018,897.15,901.13,903.83,892.5,166.09K,-0.42%
11/14/2018,900.93,904.16,910.58,898.83,142.27K,-0.49%
11/13/2018,905.38,904.35,910.2,903.48,170.03K,-1.39%
11/12/2018,918.12,909.36,918.99,903.95,125.02K,0.42%
11/9/2018,914.29,921.11,925.31,914.29,149.09K,-1.29%
11/8/2018,926.28,928.69,932.86,925.54,145.78K,0.45%
11/7/2018,922.16,922.03,924.6,915.41,143.11K,0.01%
11/6/2018,922.05,931,931.27,921.93,139.12K,-0.38%
11/5/2018,925.53,920.87,925.53,915.77,136.55K,0.07%
11/2/2018,924.86,911.35,927.62,910.4,222.36K,1.86%
11/1/2018,907.96,915.52,918.84,905.73,182.19K,-0.74%
10/31/2018,914.76,894.23,914.76,894.23,216.19K,2.93%
10/30/2018,888.69,881.32,894.8,880.85,133.32K,-0.01%
10/29/2018,888.82,895.05,897.84,884.92,139.99K,-1.33%
10/26/2018,900.82,918.11,918.16,900.82,157.34K,-1.03%
10/25/2018,910.17,902.59,912.07,885.34,177.77K,-1.36%
10/24/2018,922.73,935.25,939.06,922.73,149.35K,-1.80%
10/23/2018,939.68,950.12,950.42,925.29,202.94K,-1.45%
10/22/2018,953.51,958.36,963.79,953.51,147.53K,-0.51%
10/19/2018,958.36,949.94,959.63,945.83,153.57K,-0.53%
10/18/2018,963.47,968.93,970.75,962.68,145.46K,-0.84%
10/17/2018,971.6,973.14,975.27,969.06,152.27K,0.85%
10/16/2018,963.37,950.36,963.69,950.36,149.13K,1.23%
10/15/2018,951.64,968.8,969.36,951.64,144.31K,-1.90%
10/12/2018,970.08,939.2,970.08,933.35,228.89K,2.56%
10/11/2018,945.89,972.21,972.21,938.83,353.53K,-4.84%
10/10/2018,993.96,998.66,999.62,991.22,191.36K,-0.22%
10/9/2018,996.19,998.7,"1,001.87",996.19,202.59K,0.01%
10/8/2018,996.12,"1,003.31","1,006.13",996.12,205.52K,-1.22%
10/5/2018,"1,008.39","1,020.21","1,020.77","1,008.39",294.15K,-1.49%
10/4/2018,"1,023.62","1,024.68","1,024.68","1,020.40",196.62K,0.32%
10/3/2018,"1,020.40","1,021.08","1,024.59","1,016.47",174.39K,0.16%
10/2/2018,"1,018.79","1,014.26","1,021.51","1,013.11",358.39K,0.58%
10/1/2018,"1,012.88","1,019.49","1,023.87","1,012.88",247.86K,-0.42%
09/28/2018,"1,017.13","1,019.34","1,020.84","1,015.40",247.22K,0.17%
09/27/2018,"1,015.37","1,012.57","1,017.78","1,010.49",207.78K,0.57%
09/26/2018,"1,009.61","1,008.93","1,014.86","1,007.44",261.51K,-0.11%
09/25/2018,"1,010.74","1,011.94","1,014.53","1,008.67",231.99K,-0.05%
09/24/2018,"1,011.29","1,007.52","1,011.29","1,007.45",186.72K,0.83%
09/21/2018,"1,002.97","1,006.25","1,009.10","1,000.39",302.45K,-0.18%
09/20/2018,"1,004.74",995.54,"1,004.74",995.54,204.56K,0.92%
09/19/2018,995.54,998.65,"1,001.83",994.5,244.42K,0.21%
09/18/2018,993.49,983.43,993.49,981.89,197.39K,0.60%
09/17/2018,987.61,990.65,993.83,987.02,164.61K,-0.38%
09/14/2018,991.34,987.95,995.55,987.95,178.48K,0.34%
09/13/2018,987.95,987.48,992.96,984.92,172.90K,0.10%
9/12/2018,987.01,990,994.83,987.01,184.15K,0.20%
9/11/2018,985.06,968.41,985.06,967.92,192.82K,1.52%
9/10/2018,970.34,969.74,974.59,968.19,190.67K,0.15%
9/7/2018,968.9,955.5,969.34,955.5,169.77K,1.12%
9/6/2018,958.19,968.37,970.84,957.99,160.38K,-1.06%
9/5/2018,968.44,975.05,978.78,964.8,181.15K,-0.77%
9/4/2018,975.94,990.79,992.18,975.94,185.94K,-1.37%
08/31/2018,989.54,998.55,"1,003.06",989.54,186.55K,-0.85%
08/30/2018,998.07,987.62,998.07,983.43,186.70K,1.00%
08/29/2018,988.17,995.05,995.05,987.47,176.89K,-0.71%
08/28/2018,995.19,991.92,995.29,989.81,176.27K,0.33%
08/27/2018,991.92,990.19,994.54,990.03,189.51K,0.49%
08/24/2018,987.05,985.49,989.21,982.88,180.07K,-0.03%
08/23/2018,987.36,984.12,989.45,982.48,146.85K,0.53%
08/22/2018,982.15,979.21,986.36,979.21,204.11K,0.30%
08/21/2018,979.21,968.46,979.21,968.45,200.58K,0.99%
08/20/2018,969.62,970.81,973.57,966.46,180.83K,0.08%
08/17/2018,968.88,971.4,975.52,968.88,151.07K,0.48%
08/16/2018,964.28,952.83,964.28,947.09,174.03K,0.30%
08/15/2018,961.37,980.45,982,961.37,188.94K,-1.73%
08/14/2018,978.27,979.66,981.42,974.47,177.30K,0.02%
08/13/2018,978.04,966.46,978.04,963.41,213.22K,0.99%
8/10/2018,968.47,962.03,968.47,955.04,185.25K,0.52%
8/9/2018,963.5,968.57,972.52,963.5,167.64K,-0.29%
8/8/2018,966.27,958.31,966.27,958.31,155.17K,0.99%
8/7/2018,956.79,957.7,962.02,953.71,162.14K,-0.36%
8/6/2018,960.23,960.12,962.99,955.42,229.66K,0.07%
8/3/2018,959.6,957.92,966.1,955.13,197.53K,0.63%
8/2/2018,953.55,952.75,953.55,942.39,212.46K,0.08%
8/1/2018,952.77,957.35,960.05,949.89,202.12K,-0.38%
